uid,product_id,brand,experiment_name,quantity,amount,total_amount
6EASosjvsN9r5RCiF7gV5c,10742,Pataks,Control,1,2.4,4.8
6EASosjvsN9r5RCiF7gV5c,10752,Pataks,Control,1,2.4,4.8
0d00klGFNQVTMkmWMPlvax,10742,Pataks,Experiment 1,1,2.4,2.4
2Mp9S5c9hrjIZvGUkudh2l,10753,Loyd Grossman,Experiment 1,1,3.0,3.0
0BeFSh1PPGRF6eyG03Kj5F,10739,Sharwoods,Experiment 2,1,2.5,10.1
0BeFSh1PPGRF6eyG03Kj5F,10765,Bens Original,Experiment 2,1,2.6,10.1
0BeFSh1PPGRF6eyG03Kj5F,10740,Sharwoods,Experiment 2,1,2.5,10.1
0BeFSh1PPGRF6eyG03Kj5F,10745,Sharwoods,Experiment 2,1,2.5,10.1
0Br6cGtHVSliVBV0AImWlK,10736,Pataks,Experiment 1,1,2.4,4.8
0Br6cGtHVSliVBV0AImWlK,10752,Pataks,Experiment 1,1,2.4,4.8
3M5srrfF3O3PhNYlpHxmgC,10770,Sharwoods,Experiment 2,1,2.5,8.25
3M5srrfF3O3PhNYlpHxmgC,10777,Sharwoods,Experiment 2,1,2.5,8.25
3M5srrfF3O3PhNYlpHxmgC,10758,Pataks,Experiment 2,1,3.25,8.25
5vhKhm1u63EayZysKqKlHg,10743,Pataks,Experiment 1,1,2.4,7.4
5vhKhm1u63EayZysKqKlHg,10759,Sharwoods,Experiment 1,1,2.5,7.4
5vhKhm1u63EayZysKqKlHg,10744,Sharwoods,Experiment 1,1,2.5,7.4
4TqVp0hckJLGgxGMiswkW3,10762,Pataks,Control,2,6.5,12.1
4TqVp0hckJLGgxGMiswkW3,10783,Sharwoods,Control,2,5.6,12.1
5NjQo0QuBfydxUio1kQcwy,10759,Sharwoods,Experiment 1,1,2.5,21.0
5NjQo0QuBfydxUio1kQcwy,10743,Pataks,Experiment 1,1,2.4,21.0
5NjQo0QuBfydxUio1kQcwy,10762,Pataks,Experiment 1,2,6.5,21.0
5NjQo0QuBfydxUio1kQcwy,10746,Pataks,Experiment 1,1,3.25,21.0
5NjQo0QuBfydxUio1kQcwy,10748,The Spice Tailor,Experiment 1,1,3.85,21.0
5NjQo0QuBfydxUio1kQcwy,10777,Sharwoods,Experiment 1,1,2.5,21.0
6oh8sqI7fW2dEgtaXbaPjD,10790,Sharwoods,Experiment 2,1,2.8,5.6
6oh8sqI7fW2dEgtaXbaPjD,10781,Sharwoods,Experiment 2,1,2.8,5.6
5yzIz0a2djm1CwLhyR8MOL,10777,Sharwoods,Control,3,10.0,32.0
5yzIz0a2djm1CwLhyR8MOL,10764,Pataks,Control,2,6.0,32.0
5yzIz0a2djm1CwLhyR8MOL,10755,Pataks,Control,2,9.75,32.0
5yzIz0a2djm1CwLhyR8MOL,10742,Pataks,Control,1,2.4,32.0
5yzIz0a2djm1CwLhyR8MOL,10769,The Spice Tailor,Control,1,3.85,32.0
042NFAFx3OM66ZVQVxSVT1,10788,Sharwoods,Experiment 1,1,2.0,6.9
042NFAFx3OM66ZVQVxSVT1,10736,Pataks,Experiment 1,1,2.4,6.9
042NFAFx3OM66ZVQVxSVT1,10751,Sharwoods,Experiment 1,1,2.5,6.9
4o4rFFuStS6vKPdftEXOYL,10740,Sharwoods,Experiment 1,1,2.5,2.5
725GmD2lYCywyatMuOBPQ5,10759,Sharwoods,Experiment 1,1,2.5,16.8
725GmD2lYCywyatMuOBPQ5,10787,Sharwoods,Experiment 1,1,2.0,16.8
725GmD2lYCywyatMuOBPQ5,10738,Pataks,Experiment 1,1,2.4,16.8
725GmD2lYCywyatMuOBPQ5,10757,Pataks,Experiment 1,1,2.4,16.8
725GmD2lYCywyatMuOBPQ5,10745,Sharwoods,Experiment 1,1,2.5,16.8
725GmD2lYCywyatMuOBPQ5,10786,Sharwoods,Experiment 1,1,2.0,16.8
725GmD2lYCywyatMuOBPQ5,10753,Loyd Grossman,Experiment 1,1,3.0,16.8
3VlssVEqFsjywZgUh90Z7S,10765,Bens Original,Experiment 2,1,2.6,6.85
3VlssVEqFsjywZgUh90Z7S,10766,Pataks,Experiment 2,1,1.85,6.85
3VlssVEqFsjywZgUh90Z7S,10736,Pataks,Experiment 2,1,2.4,6.85
5nt7nGkGc2pV261yVYhotj,10780,Loyd Grossman,Experiment 2,3,9.0,22.85
5nt7nGkGc2pV261yVYhotj,10752,Pataks,Experiment 2,1,2.4,22.85
5nt7nGkGc2pV261yVYhotj,10763,Pataks,Experiment 2,2,4.8,22.85
5nt7nGkGc2pV261yVYhotj,10793,Sharwoods,Experiment 2,1,2.8,22.85
5nt7nGkGc2pV261yVYhotj,10748,The Spice Tailor,Experiment 2,1,3.85,22.85
43sPhW5Aaf1vPCQBpcvTzo,10771,Loyd Grossman,Control,1,3.0,18.7
43sPhW5Aaf1vPCQBpcvTzo,10776,Sharwoods,Control,1,2.5,18.7
43sPhW5Aaf1vPCQBpcvTzo,10747,The Spice Tailor,Control,1,3.85,18.7
43sPhW5Aaf1vPCQBpcvTzo,10748,The Spice Tailor,Control,1,3.85,18.7
43sPhW5Aaf1vPCQBpcvTzo,10780,Loyd Grossman,Control,1,3.0,18.7
43sPhW5Aaf1vPCQBpcvTzo,10751,Sharwoods,Control,1,2.5,18.7
3jtxZ1mB38UsfXJhQz0l7y,10771,Loyd Grossman,Experiment 1,1,3.0,3.0
1ZyCLvKcxXllSYBI3RPEJG,10740,Sharwoods,Control,1,2.5,12.4
1ZyCLvKcxXllSYBI3RPEJG,10744,Sharwoods,Control,1,2.5,12.4
1ZyCLvKcxXllSYBI3RPEJG,10751,Sharwoods,Control,1,2.5,12.4
1ZyCLvKcxXllSYBI3RPEJG,10745,Sharwoods,Control,1,2.5,12.4
1ZyCLvKcxXllSYBI3RPEJG,10743,Pataks,Control,1,2.4,12.4
3KX2NTtCBc8Iwswjptxe9Q,10774,Pataks,Experiment 1,1,3.25,3.25
7CZ4a6kbsyJyd4ObjPcJ3L,10781,Sharwoods,Experiment 1,1,2.8,5.6
7CZ4a6kbsyJyd4ObjPcJ3L,10782,Sharwoods,Experiment 1,1,2.8,5.6
5SspgVq9Go97r2hOLjHAbB,10747,The Spice Tailor,Experiment 1,1,3.85,13.55
5SspgVq9Go97r2hOLjHAbB,10739,Sharwoods,Experiment 1,1,2.5,13.55
5SspgVq9Go97r2hOLjHAbB,10756,Pataks,Experiment 1,1,2.4,13.55
5SspgVq9Go97r2hOLjHAbB,10787,Sharwoods,Experiment 1,1,2.0,13.55
5SspgVq9Go97r2hOLjHAbB,10782,Sharwoods,Experiment 1,1,2.8,13.55
08Pmnrgxp94Dx6hc6Jd8xe,10781,Sharwoods,Experiment 2,1,2.8,6.05
08Pmnrgxp94Dx6hc6Jd8xe,10762,Pataks,Experiment 2,1,3.25,6.05
7fCwy5NK8nBDpI6W4OKzp6,10790,Sharwoods,Experiment 2,1,2.8,9.45
7fCwy5NK8nBDpI6W4OKzp6,10768,The Spice Tailor,Experiment 2,1,3.85,9.45
7fCwy5NK8nBDpI6W4OKzp6,10784,Sharwoods,Experiment 2,1,2.8,9.45
35rQFUO7JoWXbnGwlbgxSo,10738,Pataks,Experiment 1,1,2.4,2.4
34wRNJXB8c60vqIeXOhOob,10787,Sharwoods,Experiment 1,1,2.0,12.15
34wRNJXB8c60vqIeXOhOob,10753,Loyd Grossman,Experiment 1,1,3.0,12.15
34wRNJXB8c60vqIeXOhOob,10784,Sharwoods,Experiment 1,1,2.8,12.15
34wRNJXB8c60vqIeXOhOob,10751,Sharwoods,Experiment 1,1,2.5,12.15
34wRNJXB8c60vqIeXOhOob,10760,Pataks,Experiment 1,1,1.85,12.15
6sHPl96vHY1yn2Ysv3fg6k,10748,The Spice Tailor,Experiment 2,1,3.85,3.85
7DbIZ2LyPj4OYiypMECCOo,10750,Pataks,Control,1,2.4,9.05
7DbIZ2LyPj4OYiypMECCOo,10769,The Spice Tailor,Control,1,3.85,9.05
7DbIZ2LyPj4OYiypMECCOo,10782,Sharwoods,Control,1,2.8,9.05
23GRBMiUS17ReErzGB0W9z,10736,Pataks,Experiment 1,1,2.4,11.65
23GRBMiUS17ReErzGB0W9z,10756,Pataks,Experiment 1,1,2.4,11.65
23GRBMiUS17ReErzGB0W9z,10766,Pataks,Experiment 1,1,1.85,11.65
23GRBMiUS17ReErzGB0W9z,10750,Pataks,Experiment 1,1,2.4,11.65
23GRBMiUS17ReErzGB0W9z,10765,Bens Original,Experiment 1,1,2.6,11.65
24WJu6KF5rwmuM8Rftayxz,10736,Pataks,Control,1,2.4,8.2
24WJu6KF5rwmuM8Rftayxz,10764,Pataks,Control,1,3.0,8.2
24WJu6KF5rwmuM8Rftayxz,10781,Sharwoods,Control,1,2.8,8.2
0uu2MfVNwDS4aDAMbP7wWg,10749,The Spice Tailor,Experiment 2,2,7.7,10.5
0uu2MfVNwDS4aDAMbP7wWg,10790,Sharwoods,Experiment 2,1,2.8,10.5
4DRo7q85MvLw8bQdavg75k,10736,Pataks,Control,2,4.8,30.5
4DRo7q85MvLw8bQdavg75k,10774,Pataks,Control,1,3.25,30.5
4DRo7q85MvLw8bQdavg75k,10781,Sharwoods,Control,3,8.4,30.5
4DRo7q85MvLw8bQdavg75k,10772,The Spice Tailor,Control,1,7.7,30.5
4DRo7q85MvLw8bQdavg75k,10740,Sharwoods,Control,1,2.5,30.5
4DRo7q85MvLw8bQdavg75k,10773,The Spice Tailor,Control,1,3.85,30.5
57a0q61QAx7B1UKhyKZMfS,10751,Sharwoods,Experiment 2,1,2.5,14.8
57a0q61QAx7B1UKhyKZMfS,10760,Pataks,Experiment 2,1,1.85,14.8
57a0q61QAx7B1UKhyKZMfS,10782,Sharwoods,Experiment 2,1,2.8,14.8
57a0q61QAx7B1UKhyKZMfS,10780,Loyd Grossman,Experiment 2,1,3.0,14.8
57a0q61QAx7B1UKhyKZMfS,10790,Sharwoods,Experiment 2,1,2.8,14.8
57a0q61QAx7B1UKhyKZMfS,10766,Pataks,Experiment 2,1,1.85,14.8
1G8foz0zhI9mYa4puSTnSH,10768,The Spice Tailor,Experiment 1,2,7.7,14.2
1G8foz0zhI9mYa4puSTnSH,10746,Pataks,Experiment 1,2,6.5,14.2
5PjUIg1RjMOmq9G3wAHbTY,10736,Pataks,Control,1,2.4,7.5
5PjUIg1RjMOmq9G3wAHbTY,10778,Pataks,Control,1,1.85,7.5
5PjUIg1RjMOmq9G3wAHbTY,10758,Pataks,Control,1,3.25,7.5
3Mbo89C99PDdy6rW8ch87j,10778,Pataks,Experiment 1,2,3.7,3.7
711z2db5r9eWqp6MuRxs45,10757,Pataks,Control,3,7.2,18.4
711z2db5r9eWqp6MuRxs45,10782,Sharwoods,Control,4,11.2,18.4
5xZK7EYNMsM9CZ4xeGEaV2,10739,Sharwoods,Control,1,2.5,2.5
59hBbioPckVqwbYu0xE9Be,10780,Loyd Grossman,Control,1,3.0,9.65
59hBbioPckVqwbYu0xE9Be,10783,Sharwoods,Control,1,2.8,9.65
59hBbioPckVqwbYu0xE9Be,10769,The Spice Tailor,Control,1,3.85,9.65
0SSypIxaoxZJ9IglT88xuh,10791,Sharwoods,Experiment 2,2,5.6,13.7
0SSypIxaoxZJ9IglT88xuh,10778,Pataks,Experiment 2,1,1.85,13.7
0SSypIxaoxZJ9IglT88xuh,10750,Pataks,Experiment 2,1,2.4,13.7
0SSypIxaoxZJ9IglT88xuh,10779,The Spice Tailor,Experiment 2,1,3.85,13.7
3FS68gEmwZ2l0DTBTjDqvg,10793,Sharwoods,Experiment 2,1,2.8,10.65
3FS68gEmwZ2l0DTBTjDqvg,10780,Loyd Grossman,Experiment 2,1,3.0,10.65
3FS68gEmwZ2l0DTBTjDqvg,10760,Pataks,Experiment 2,1,1.85,10.65
3FS68gEmwZ2l0DTBTjDqvg,10771,Loyd Grossman,Experiment 2,1,3.0,10.65
2J4ELT80q1DxsvuA5R0az8,10742,Pataks,Control,1,2.4,4.9
2J4ELT80q1DxsvuA5R0az8,10770,Sharwoods,Control,1,2.5,4.9
4XO9sKef3QQhQzF0rZ3GjM,10767,Sharwoods,Experiment 2,1,2.5,9.15
4XO9sKef3QQhQzF0rZ3GjM,10754,The Spice Tailor,Experiment 2,1,3.85,9.15
4XO9sKef3QQhQzF0rZ3GjM,10781,Sharwoods,Experiment 2,1,2.8,9.15
6MBYsR6zbDUsOi5OWYcd8r,10778,Pataks,Experiment 2,1,1.85,27.2
6MBYsR6zbDUsOi5OWYcd8r,10742,Pataks,Experiment 2,1,2.4,27.2
6MBYsR6zbDUsOi5OWYcd8r,10784,Sharwoods,Experiment 2,1,2.8,27.2
6MBYsR6zbDUsOi5OWYcd8r,10791,Sharwoods,Experiment 2,1,2.8,27.2
6MBYsR6zbDUsOi5OWYcd8r,10768,The Spice Tailor,Experiment 2,1,3.85,27.2
6MBYsR6zbDUsOi5OWYcd8r,10747,The Spice Tailor,Experiment 2,1,3.85,27.2
6MBYsR6zbDUsOi5OWYcd8r,10769,The Spice Tailor,Experiment 2,1,3.85,27.2
6MBYsR6zbDUsOi5OWYcd8r,10793,Sharwoods,Experiment 2,1,2.8,27.2
6MBYsR6zbDUsOi5OWYcd8r,10771,Loyd Grossman,Experiment 2,1,3.0,27.2
0K941EGsZSITOhXZubsyvU,10740,Sharwoods,Control,1,2.5,7.3
0K941EGsZSITOhXZubsyvU,10763,Pataks,Control,1,2.4,7.3
0K941EGsZSITOhXZubsyvU,10757,Pataks,Control,1,2.4,7.3
5QoEOfuBHUA3XJGO5B4yxP,10751,Sharwoods,Experiment 1,1,2.5,2.5
4lPXvqRl26l660w8O1s6Lh,10781,Sharwoods,Control,1,2.8,2.8
6jnQcnlBQYEGF1T9M9bZVW,10754,The Spice Tailor,Experiment 1,2,7.7,21.85
6jnQcnlBQYEGF1T9M9bZVW,10765,Bens Original,Experiment 1,3,7.8,21.85
6jnQcnlBQYEGF1T9M9bZVW,10767,Sharwoods,Experiment 1,1,2.5,21.85
6jnQcnlBQYEGF1T9M9bZVW,10748,The Spice Tailor,Experiment 1,1,3.85,21.85
0HV2jZiuM7j41zaJ0CNjtU,10779,The Spice Tailor,Experiment 2,1,3.85,6.65
0HV2jZiuM7j41zaJ0CNjtU,10791,Sharwoods,Experiment 2,1,2.8,6.65
4HqidP0YeB1nYzqG4E1Ds1,10780,Loyd Grossman,Experiment 2,1,3.0,6.0
4HqidP0YeB1nYzqG4E1Ds1,10771,Loyd Grossman,Experiment 2,1,3.0,6.0
2EHp5hni2dsIlsbHqNY2rc,10783,Sharwoods,Control,1,2.8,7.15
2EHp5hni2dsIlsbHqNY2rc,10778,Pataks,Control,1,1.85,7.15
2EHp5hni2dsIlsbHqNY2rc,10776,Sharwoods,Control,1,2.5,7.15
051ktEP4lSBh0YeMweUMtO,10755,Pataks,Control,1,3.25,3.25
6oPaScM5gpHPMckKjXH5P0,10752,Pataks,Experiment 1,1,2.4,6.25
6oPaScM5gpHPMckKjXH5P0,10772,The Spice Tailor,Experiment 1,1,3.85,6.25
5FV2KnVnA17Z0AYSZtvSKB,10749,The Spice Tailor,Experiment 1,1,3.85,12.7
5FV2KnVnA17Z0AYSZtvSKB,10759,Sharwoods,Experiment 1,1,2.5,12.7
5FV2KnVnA17Z0AYSZtvSKB,10747,The Spice Tailor,Experiment 1,1,3.85,12.7
5FV2KnVnA17Z0AYSZtvSKB,10767,Sharwoods,Experiment 1,1,2.5,12.7
5nT4cRQtoAREjpUWla1lfL,10765,Bens Original,Experiment 2,1,2.6,2.6
2yKF1jZniu3g3XfBNq3Wpi,10750,Pataks,Experiment 2,1,2.4,2.4
5Omwh1ulbs3EImkLmx3MmH,10774,Pataks,Experiment 2,1,3.25,9.7
5Omwh1ulbs3EImkLmx3MmH,10769,The Spice Tailor,Experiment 2,1,3.85,9.7
5Omwh1ulbs3EImkLmx3MmH,10765,Bens Original,Experiment 2,1,2.6,9.7
4SnEkqXmFJ6x5M4tQMVr1o,10782,Sharwoods,Control,1,2.8,2.8
1wMevj9e6Hyd9QP0JB7OcR,10746,Pataks,Experiment 2,1,3.25,9.9
1wMevj9e6Hyd9QP0JB7OcR,10783,Sharwoods,Experiment 2,1,2.8,9.9
1wMevj9e6Hyd9QP0JB7OcR,10747,The Spice Tailor,Experiment 2,1,3.85,9.9
2wAqiknuduGrwvAG1wFljQ,10749,The Spice Tailor,Control,4,15.4,15.4
3NqPXEZMYOapq6Hi6RZhWj,10777,Sharwoods,Experiment 1,1,2.5,7.4
3NqPXEZMYOapq6Hi6RZhWj,10767,Sharwoods,Experiment 1,1,2.5,7.4
3NqPXEZMYOapq6Hi6RZhWj,10763,Pataks,Experiment 1,1,2.4,7.4
2FmRuJPTg1uoG6lqr0qHGo,10766,Pataks,Experiment 2,1,1.85,11.1
2FmRuJPTg1uoG6lqr0qHGo,10772,The Spice Tailor,Experiment 2,1,3.85,11.1
2FmRuJPTg1uoG6lqr0qHGo,10782,Sharwoods,Experiment 2,1,2.8,11.1
2FmRuJPTg1uoG6lqr0qHGo,10765,Bens Original,Experiment 2,1,2.6,11.1
19qHUxfgTy3qZwYaomptnU,10761,Sharwoods,Experiment 2,1,2.5,2.5
5JpbVg8zeIDoJNQpZT7jKQ,10770,Sharwoods,Experiment 2,1,2.5,5.5
5JpbVg8zeIDoJNQpZT7jKQ,10771,Loyd Grossman,Experiment 2,1,3.0,5.5
2OLftDrlUrMfKuz3ll5cZg,10784,Sharwoods,Experiment 1,1,2.8,5.2
2OLftDrlUrMfKuz3ll5cZg,10742,Pataks,Experiment 1,1,2.4,5.2
60szYgxqJY7ptLYlavzW4f,10761,Sharwoods,Experiment 2,1,2.5,20.05
60szYgxqJY7ptLYlavzW4f,10758,Pataks,Experiment 2,1,3.25,20.05
60szYgxqJY7ptLYlavzW4f,10754,The Spice Tailor,Experiment 2,1,3.85,20.05
60szYgxqJY7ptLYlavzW4f,10782,Sharwoods,Experiment 2,1,2.8,20.05
60szYgxqJY7ptLYlavzW4f,10771,Loyd Grossman,Experiment 2,1,3.0,20.05
60szYgxqJY7ptLYlavzW4f,10793,Sharwoods,Experiment 2,1,2.8,20.05
60szYgxqJY7ptLYlavzW4f,10760,Pataks,Experiment 2,1,1.85,20.05
581E42nkInImJDmksxdGQ8,10758,Pataks,Control,1,3.25,6.25
581E42nkInImJDmksxdGQ8,10764,Pataks,Control,1,3.0,6.25
1sQb5Rv3wL0ubIHmMmwAVJ,10739,Sharwoods,Control,1,2.5,5.0
1sQb5Rv3wL0ubIHmMmwAVJ,10759,Sharwoods,Control,1,2.5,5.0
3ORfa7Nz5pruk8iVJlZNOj,10778,Pataks,Experiment 2,1,1.85,4.25
3ORfa7Nz5pruk8iVJlZNOj,10750,Pataks,Experiment 2,1,2.4,4.25
0lZj3XAA6PIPaSntCkSrwW,10781,Sharwoods,Control,1,2.8,7.7
0lZj3XAA6PIPaSntCkSrwW,10751,Sharwoods,Control,1,2.5,7.7
0lZj3XAA6PIPaSntCkSrwW,10756,Pataks,Control,1,2.4,7.7
5qnh9ViqZqB75pXQFBiwyL,10792,Sharwoods,Experiment 2,1,2.8,2.8
6tisf0eyiBgB31HrKRMewH,10760,Pataks,Control,1,1.85,10.0
6tisf0eyiBgB31HrKRMewH,10763,Pataks,Control,1,2.4,10.0
6tisf0eyiBgB31HrKRMewH,10759,Sharwoods,Control,1,2.5,10.0
6tisf0eyiBgB31HrKRMewH,10774,Pataks,Control,1,3.25,10.0
6zE4odXmfpUJEFyYrIoLAX,10771,Loyd Grossman,Experiment 2,1,3.0,13.6
6zE4odXmfpUJEFyYrIoLAX,10777,Sharwoods,Experiment 2,2,5.0,13.6
6zE4odXmfpUJEFyYrIoLAX,10765,Bens Original,Experiment 2,1,2.6,13.6
6zE4odXmfpUJEFyYrIoLAX,10780,Loyd Grossman,Experiment 2,1,3.0,13.6
5r8EeQCBdXqKI05PPAkD6x,10789,Sharwoods,Experiment 1,1,2.0,3.85
5r8EeQCBdXqKI05PPAkD6x,10778,Pataks,Experiment 1,1,1.85,3.85
4AY4PL5WWjaSUht9ZHPqhT,10759,Sharwoods,Control,1,2.5,8.0
4AY4PL5WWjaSUht9ZHPqhT,10780,Loyd Grossman,Control,1,3.0,8.0
4AY4PL5WWjaSUht9ZHPqhT,10751,Sharwoods,Control,1,2.5,8.0
6k2vF7vrgWsnEvGoyWXaJD,10774,Pataks,Experiment 1,1,3.25,3.25
1I4zskwqTawc66MwKx8fX5,10757,Pataks,Experiment 2,2,4.8,19.35
1I4zskwqTawc66MwKx8fX5,10769,The Spice Tailor,Experiment 2,2,7.7,19.35
1I4zskwqTawc66MwKx8fX5,10764,Pataks,Experiment 2,1,3.0,19.35
1I4zskwqTawc66MwKx8fX5,10773,The Spice Tailor,Experiment 2,1,3.85,19.35
1gdOXM7YrveLYmbWU4bHZG,10752,Pataks,Experiment 1,1,2.4,26.45
1gdOXM7YrveLYmbWU4bHZG,10760,Pataks,Experiment 1,1,1.85,26.45
1gdOXM7YrveLYmbWU4bHZG,10758,Pataks,Experiment 1,1,3.25,26.45
1gdOXM7YrveLYmbWU4bHZG,10783,Sharwoods,Experiment 1,1,5.6,26.45
1gdOXM7YrveLYmbWU4bHZG,10769,The Spice Tailor,Experiment 1,1,3.85,26.45
1gdOXM7YrveLYmbWU4bHZG,10789,Sharwoods,Experiment 1,1,2.0,26.45
1gdOXM7YrveLYmbWU4bHZG,10753,Loyd Grossman,Experiment 1,1,3.0,26.45
1gdOXM7YrveLYmbWU4bHZG,10751,Sharwoods,Experiment 1,1,2.5,26.45
1gdOXM7YrveLYmbWU4bHZG,10786,Sharwoods,Experiment 1,1,2.0,26.45
0kvCYbblZWo2usm9UpDS6S,10758,Pataks,Experiment 2,1,3.25,3.25
30eKLNZ5aP8HkSC2e2wT13,10782,Sharwoods,Control,2,5.6,5.6
4ck6KNu4DgcGpiHHwdvumq,10780,Loyd Grossman,Control,1,3.0,16.1
4ck6KNu4DgcGpiHHwdvumq,10781,Sharwoods,Control,2,5.6,16.1
4ck6KNu4DgcGpiHHwdvumq,10759,Sharwoods,Control,1,2.5,16.1
4ck6KNu4DgcGpiHHwdvumq,10751,Sharwoods,Control,1,2.5,16.1
4ck6KNu4DgcGpiHHwdvumq,10761,Sharwoods,Control,1,2.5,16.1
2L8mByndL1Spc8sZLbP4hC,10781,Sharwoods,Control,1,2.8,2.8
0w4sufDBQGtpPUCkjUzNxd,10788,Sharwoods,Experiment 1,2,4.0,7.85
0w4sufDBQGtpPUCkjUzNxd,10768,The Spice Tailor,Experiment 1,1,3.85,7.85
0BZhKLsCsmRhxFgKa4MME2,10744,Sharwoods,Experiment 2,3,7.5,25.6
0BZhKLsCsmRhxFgKa4MME2,10774,Pataks,Experiment 2,1,3.25,25.6
0BZhKLsCsmRhxFgKa4MME2,10764,Pataks,Experiment 2,1,3.0,25.6
0BZhKLsCsmRhxFgKa4MME2,10783,Sharwoods,Experiment 2,1,2.8,25.6
0BZhKLsCsmRhxFgKa4MME2,10781,Sharwoods,Experiment 2,1,2.8,25.6
0BZhKLsCsmRhxFgKa4MME2,10748,The Spice Tailor,Experiment 2,1,3.85,25.6
0BZhKLsCsmRhxFgKa4MME2,10752,Pataks,Experiment 2,1,2.4,25.6
3kAWJu8DycBdr8D0YK89KW,10744,Sharwoods,Experiment 1,2,5.0,7.8
3kAWJu8DycBdr8D0YK89KW,10782,Sharwoods,Experiment 1,1,2.8,7.8
6S2Dz7OjIRfUrb174APU7a,10770,Sharwoods,Experiment 2,2,5.0,22.9
6S2Dz7OjIRfUrb174APU7a,10740,Sharwoods,Experiment 2,1,2.5,22.9
6S2Dz7OjIRfUrb174APU7a,10779,The Spice Tailor,Experiment 2,1,3.85,22.9
6S2Dz7OjIRfUrb174APU7a,10780,Loyd Grossman,Experiment 2,1,3.0,22.9
6S2Dz7OjIRfUrb174APU7a,10792,Sharwoods,Experiment 2,1,2.8,22.9
6S2Dz7OjIRfUrb174APU7a,10746,Pataks,Experiment 2,1,3.25,22.9
6S2Dz7OjIRfUrb174APU7a,10777,Sharwoods,Experiment 2,1,2.5,22.9
5WgPyekZ7b41VGRI7znCrC,10779,The Spice Tailor,Experiment 2,1,3.85,9.25
5WgPyekZ7b41VGRI7znCrC,10757,Pataks,Experiment 2,1,2.4,9.25
5WgPyekZ7b41VGRI7znCrC,10764,Pataks,Experiment 2,1,3.0,9.25
6vPAZbSip2EoAKM8llWpj5,10787,Sharwoods,Experiment 1,1,2.0,4.5
6vPAZbSip2EoAKM8llWpj5,10767,Sharwoods,Experiment 1,1,2.5,4.5
6Ennz1tz2UTDgEmicjW5MN,10736,Pataks,Control,1,2.4,2.4
7Hq5VtdErEvpcqaD4CEmij,10736,Pataks,Control,1,2.4,10.9
7Hq5VtdErEvpcqaD4CEmij,10753,Loyd Grossman,Control,1,3.0,10.9
7Hq5VtdErEvpcqaD4CEmij,10777,Sharwoods,Control,1,2.5,10.9
7Hq5VtdErEvpcqaD4CEmij,10780,Loyd Grossman,Control,1,3.0,10.9
3eKVTOOQTkTfCcw43qVvqH,10744,Sharwoods,Experiment 2,2,5.0,29.35
3eKVTOOQTkTfCcw43qVvqH,10752,Pataks,Experiment 2,1,2.4,29.35
3eKVTOOQTkTfCcw43qVvqH,10772,The Spice Tailor,Experiment 2,1,3.85,29.35
3eKVTOOQTkTfCcw43qVvqH,10749,The Spice Tailor,Experiment 2,2,7.7,29.35
3eKVTOOQTkTfCcw43qVvqH,10792,Sharwoods,Experiment 2,1,2.8,29.35
3eKVTOOQTkTfCcw43qVvqH,10757,Pataks,Experiment 2,1,4.8,29.35
3eKVTOOQTkTfCcw43qVvqH,10782,Sharwoods,Experiment 2,1,2.8,29.35
2A7aSETLIUAMZL0QJYP8dd,10743,Pataks,Experiment 1,1,2.4,9.25
2A7aSETLIUAMZL0QJYP8dd,10753,Loyd Grossman,Experiment 1,1,3.0,9.25
2A7aSETLIUAMZL0QJYP8dd,10748,The Spice Tailor,Experiment 1,1,3.85,9.25
4bY8fUCbR3oHwk9Uhiilz4,10762,Pataks,Experiment 1,1,3.25,20.6
4bY8fUCbR3oHwk9Uhiilz4,10755,Pataks,Experiment 1,3,9.75,20.6
4bY8fUCbR3oHwk9Uhiilz4,10743,Pataks,Experiment 1,1,2.4,20.6
4bY8fUCbR3oHwk9Uhiilz4,10765,Bens Original,Experiment 1,2,5.2,20.6
3Odfq9IEXxuykb3C76rhG7,10782,Sharwoods,Experiment 1,1,2.8,5.2
3Odfq9IEXxuykb3C76rhG7,10752,Pataks,Experiment 1,1,2.4,5.2
3WG16EpK7KqRxMK7Ea1bJd,10778,Pataks,Experiment 2,1,1.85,1.85
0HAgZg7OWr2pRJV9MuwiOs,10770,Sharwoods,Experiment 2,1,2.5,5.0
0HAgZg7OWr2pRJV9MuwiOs,10751,Sharwoods,Experiment 2,1,2.5,5.0
2G5izOgvw8Q0CyPTTA5Us8,10742,Pataks,Experiment 2,1,2.4,10.55
2G5izOgvw8Q0CyPTTA5Us8,10774,Pataks,Experiment 2,1,3.25,10.55
2G5izOgvw8Q0CyPTTA5Us8,10770,Sharwoods,Experiment 2,1,2.5,10.55
2G5izOgvw8Q0CyPTTA5Us8,10752,Pataks,Experiment 2,1,2.4,10.55
4ifJ2PfmkL5YntIaCvkZnw,10783,Sharwoods,Experiment 2,1,2.8,10.8
4ifJ2PfmkL5YntIaCvkZnw,10763,Pataks,Experiment 2,1,2.4,10.8
4ifJ2PfmkL5YntIaCvkZnw,10792,Sharwoods,Experiment 2,1,2.8,10.8
4ifJ2PfmkL5YntIaCvkZnw,10793,Sharwoods,Experiment 2,1,2.8,10.8
5YvdEjUu6eI5FOUnrW2t5U,10736,Pataks,Experiment 1,1,2.4,7.2
5YvdEjUu6eI5FOUnrW2t5U,10743,Pataks,Experiment 1,1,2.4,7.2
5YvdEjUu6eI5FOUnrW2t5U,10742,Pataks,Experiment 1,1,2.4,7.2
0PhHRpjAJLbndQrHy5GEej,10784,Sharwoods,Experiment 2,1,2.8,8.1
0PhHRpjAJLbndQrHy5GEej,10793,Sharwoods,Experiment 2,1,2.8,8.1
0PhHRpjAJLbndQrHy5GEej,10777,Sharwoods,Experiment 2,1,2.5,8.1
5u60PEFs2tGIRQ3MIpKcXl,10766,Pataks,Experiment 2,4,7.4,7.4
6CBqPOGc8SeoY9NRc7pFw3,10736,Pataks,Experiment 1,5,12.0,17.7
6CBqPOGc8SeoY9NRc7pFw3,10779,The Spice Tailor,Experiment 1,1,3.85,17.7
6CBqPOGc8SeoY9NRc7pFw3,10778,Pataks,Experiment 1,1,1.85,17.7
6GJ47kb39Q91rEzhphB6m5,10787,Sharwoods,Experiment 1,1,2.0,16.8
6GJ47kb39Q91rEzhphB6m5,10764,Pataks,Experiment 1,1,3.0,16.8
6GJ47kb39Q91rEzhphB6m5,10742,Pataks,Experiment 1,1,2.4,16.8
6GJ47kb39Q91rEzhphB6m5,10739,Sharwoods,Experiment 1,1,2.5,16.8
6GJ47kb39Q91rEzhphB6m5,10786,Sharwoods,Experiment 1,1,2.0,16.8
6GJ47kb39Q91rEzhphB6m5,10740,Sharwoods,Experiment 1,1,2.5,16.8
6GJ47kb39Q91rEzhphB6m5,10757,Pataks,Experiment 1,1,2.4,16.8
68hheTZK8RMFw6WfuvaInY,10746,Pataks,Experiment 1,3,9.75,16.25
68hheTZK8RMFw6WfuvaInY,10758,Pataks,Experiment 1,2,6.5,16.25
18guRZzxt70bxzO3DFqiOJ,10774,Pataks,Control,1,3.25,12.75
18guRZzxt70bxzO3DFqiOJ,10752,Pataks,Control,1,2.4,12.75
18guRZzxt70bxzO3DFqiOJ,10772,The Spice Tailor,Control,1,3.85,12.75
18guRZzxt70bxzO3DFqiOJ,10762,Pataks,Control,1,3.25,12.75
2XND1nopgYuJ9E3ShyTqSL,10771,Loyd Grossman,Experiment 1,1,3.0,3.0
2kGsQlpwjgmncvPZWu51lf,10777,Sharwoods,Experiment 2,1,2.5,10.4
2kGsQlpwjgmncvPZWu51lf,10765,Bens Original,Experiment 2,1,2.6,10.4
2kGsQlpwjgmncvPZWu51lf,10790,Sharwoods,Experiment 2,1,2.8,10.4
2kGsQlpwjgmncvPZWu51lf,10770,Sharwoods,Experiment 2,1,2.5,10.4
6P3kMoIHqZHjdRdfm1QCWG,10793,Sharwoods,Experiment 2,1,2.8,5.6
6P3kMoIHqZHjdRdfm1QCWG,10783,Sharwoods,Experiment 2,1,2.8,5.6
4xz1KfWrSvFCqbMlxl2UJS,10765,Bens Original,Control,2,5.2,10.8
4xz1KfWrSvFCqbMlxl2UJS,10782,Sharwoods,Control,2,5.6,10.8
3NXK1HrOfugYVG3INgxc25,10740,Sharwoods,Experiment 1,1,2.5,12.5
3NXK1HrOfugYVG3INgxc25,10777,Sharwoods,Experiment 1,2,5.0,12.5
3NXK1HrOfugYVG3INgxc25,10761,Sharwoods,Experiment 1,1,2.5,12.5
3NXK1HrOfugYVG3INgxc25,10751,Sharwoods,Experiment 1,1,2.5,12.5
1xMbfVtXZZvSUohnNhiyGc,10781,Sharwoods,Experiment 1,1,2.8,7.2
1xMbfVtXZZvSUohnNhiyGc,10787,Sharwoods,Experiment 1,1,2.0,7.2
1xMbfVtXZZvSUohnNhiyGc,10738,Pataks,Experiment 1,1,2.4,7.2
7b32B0vIuf8YGt0Q0hDpKk,10760,Pataks,Control,1,1.85,1.85
1sBW2d1dxB88tFXMLfD69h,10782,Sharwoods,Experiment 1,1,2.8,2.8
0e8FJ8wJHKrD5yu1isHRak,10748,The Spice Tailor,Control,1,3.85,13.35
0e8FJ8wJHKrD5yu1isHRak,10773,The Spice Tailor,Control,1,3.85,13.35
0e8FJ8wJHKrD5yu1isHRak,10756,Pataks,Control,1,2.4,13.35
0e8FJ8wJHKrD5yu1isHRak,10774,Pataks,Control,1,3.25,13.35
6FbZUaM19ccWqiosXGS6bH,10766,Pataks,Control,1,1.85,16.0
6FbZUaM19ccWqiosXGS6bH,10751,Sharwoods,Control,2,5.0,16.0
6FbZUaM19ccWqiosXGS6bH,10748,The Spice Tailor,Control,1,3.85,16.0
6FbZUaM19ccWqiosXGS6bH,10744,Sharwoods,Control,1,2.5,16.0
6FbZUaM19ccWqiosXGS6bH,10784,Sharwoods,Control,1,2.8,16.0
4R1dNTtg4VDtawvvqXuWlp,10773,The Spice Tailor,Experiment 2,1,3.85,6.25
4R1dNTtg4VDtawvvqXuWlp,10757,Pataks,Experiment 2,1,2.4,6.25
26nukIJo1qK6EQYh7p3mEQ,10782,Sharwoods,Experiment 2,1,2.8,5.6
26nukIJo1qK6EQYh7p3mEQ,10781,Sharwoods,Experiment 2,1,2.8,5.6
14KUEAjtNoeZNsK0HfZh5i,10764,Pataks,Experiment 2,1,3.0,8.6
14KUEAjtNoeZNsK0HfZh5i,10783,Sharwoods,Experiment 2,1,2.8,8.6
14KUEAjtNoeZNsK0HfZh5i,10790,Sharwoods,Experiment 2,1,2.8,8.6
0OgwInvj3UeFoFfFhgWCul,10750,Pataks,Control,1,2.4,9.8
0OgwInvj3UeFoFfFhgWCul,10761,Sharwoods,Control,1,2.5,9.8
0OgwInvj3UeFoFfFhgWCul,10736,Pataks,Control,1,2.4,9.8
0OgwInvj3UeFoFfFhgWCul,10770,Sharwoods,Control,1,2.5,9.8
3AFHxGREHzh9q2knAC8jdc,10757,Pataks,Experiment 1,1,2.4,8.65
3AFHxGREHzh9q2knAC8jdc,10756,Pataks,Experiment 1,1,2.4,8.65
3AFHxGREHzh9q2knAC8jdc,10779,The Spice Tailor,Experiment 1,1,3.85,8.65
52eLveDuicjxYKOg1Pbb2a,10736,Pataks,Control,1,2.4,9.25
52eLveDuicjxYKOg1Pbb2a,10779,The Spice Tailor,Control,1,3.85,9.25
52eLveDuicjxYKOg1Pbb2a,10771,Loyd Grossman,Control,1,3.0,9.25
0bRJLQB2feeGV5Os4evMip,10774,Pataks,Control,1,3.25,7.1
0bRJLQB2feeGV5Os4evMip,10748,The Spice Tailor,Control,1,3.85,7.1
3uDoQkGEsurVB1oxwk3mvr,10751,Sharwoods,Experiment 2,1,2.5,7.7
3uDoQkGEsurVB1oxwk3mvr,10792,Sharwoods,Experiment 2,1,2.8,7.7
3uDoQkGEsurVB1oxwk3mvr,10743,Pataks,Experiment 2,1,2.4,7.7
7Jb4QisU7M1zd2hSfuJcBd,10757,Pataks,Experiment 2,1,2.4,7.4
7Jb4QisU7M1zd2hSfuJcBd,10767,Sharwoods,Experiment 2,1,2.5,7.4
7Jb4QisU7M1zd2hSfuJcBd,10770,Sharwoods,Experiment 2,1,2.5,7.4
4ljjqNLRQHj99P3fyqpvIv,10758,Pataks,Experiment 1,1,3.25,18.75
4ljjqNLRQHj99P3fyqpvIv,10760,Pataks,Experiment 1,2,3.7,18.75
4ljjqNLRQHj99P3fyqpvIv,10781,Sharwoods,Experiment 1,1,2.8,18.75
4ljjqNLRQHj99P3fyqpvIv,10771,Loyd Grossman,Experiment 1,3,9.0,18.75
1ExqEaEOnLSZ48NBv6ykQl,10752,Pataks,Control,2,4.8,19.9
1ExqEaEOnLSZ48NBv6ykQl,10776,Sharwoods,Control,3,7.5,19.9
1ExqEaEOnLSZ48NBv6ykQl,10745,Sharwoods,Control,2,5.0,19.9
1ExqEaEOnLSZ48NBv6ykQl,10765,Bens Original,Control,1,2.6,19.9
4oi6NxJ3uTQ4AKo6X85Qtc,10750,Pataks,Control,1,2.4,18.4
4oi6NxJ3uTQ4AKo6X85Qtc,10738,Pataks,Control,1,2.4,18.4
4oi6NxJ3uTQ4AKo6X85Qtc,10778,Pataks,Control,1,1.85,18.4
4oi6NxJ3uTQ4AKo6X85Qtc,10765,Bens Original,Control,1,2.6,18.4
4oi6NxJ3uTQ4AKo6X85Qtc,10759,Sharwoods,Control,1,2.5,18.4
4oi6NxJ3uTQ4AKo6X85Qtc,10773,The Spice Tailor,Control,1,3.85,18.4
4oi6NxJ3uTQ4AKo6X85Qtc,10781,Sharwoods,Control,1,2.8,18.4
5GcR9cWBSaltlYXPFM81UU,10740,Sharwoods,Experiment 1,1,2.5,25.15
5GcR9cWBSaltlYXPFM81UU,10783,Sharwoods,Experiment 1,1,2.8,25.15
5GcR9cWBSaltlYXPFM81UU,10769,The Spice Tailor,Experiment 1,1,3.85,25.15
5GcR9cWBSaltlYXPFM81UU,10763,Pataks,Experiment 1,2,4.8,25.15
5GcR9cWBSaltlYXPFM81UU,10736,Pataks,Experiment 1,1,2.4,25.15
5GcR9cWBSaltlYXPFM81UU,10782,Sharwoods,Experiment 1,1,2.8,25.15
5GcR9cWBSaltlYXPFM81UU,10780,Loyd Grossman,Experiment 1,1,3.0,25.15
5GcR9cWBSaltlYXPFM81UU,10753,Loyd Grossman,Experiment 1,1,3.0,25.15
1FGfOjLkQ2OkFAMtFkTg2o,10780,Loyd Grossman,Experiment 2,1,3.0,3.0
503Nern2Lbki5z9HT40Jzm,10742,Pataks,Experiment 2,1,2.4,10.0
503Nern2Lbki5z9HT40Jzm,10755,Pataks,Experiment 2,1,3.25,10.0
503Nern2Lbki5z9HT40Jzm,10744,Sharwoods,Experiment 2,1,2.5,10.0
503Nern2Lbki5z9HT40Jzm,10766,Pataks,Experiment 2,1,1.85,10.0
3FveqQAzBTWb1gUiYuZueX,10773,The Spice Tailor,Experiment 1,1,3.85,3.85
0KuexyyupuWc58ITgodKGL,10770,Sharwoods,Control,1,2.5,12.4
0KuexyyupuWc58ITgodKGL,10763,Pataks,Control,1,2.4,12.4
0KuexyyupuWc58ITgodKGL,10745,Sharwoods,Control,1,2.5,12.4
0KuexyyupuWc58ITgodKGL,10739,Sharwoods,Control,1,2.5,12.4
0KuexyyupuWc58ITgodKGL,10759,Sharwoods,Control,1,2.5,12.4
58Nq6PCSb11mv6j5jMx02x,10777,Sharwoods,Control,1,2.5,8.3
58Nq6PCSb11mv6j5jMx02x,10782,Sharwoods,Control,1,2.8,8.3
58Nq6PCSb11mv6j5jMx02x,10780,Loyd Grossman,Control,1,3.0,8.3
0MBsapfTfoWbBISqNZMbrV,10776,Sharwoods,Experiment 1,1,2.5,5.75
0MBsapfTfoWbBISqNZMbrV,10762,Pataks,Experiment 1,1,3.25,5.75
4RzM7wadi8Pbex2CryVhUa,10762,Pataks,Experiment 1,1,3.25,10.5
4RzM7wadi8Pbex2CryVhUa,10752,Pataks,Experiment 1,1,2.4,10.5
4RzM7wadi8Pbex2CryVhUa,10760,Pataks,Experiment 1,1,1.85,10.5
4RzM7wadi8Pbex2CryVhUa,10753,Loyd Grossman,Experiment 1,1,3.0,10.5
1KOJCwaveDWsadHwWgVand,10764,Pataks,Experiment 2,1,3.0,8.6
1KOJCwaveDWsadHwWgVand,10790,Sharwoods,Experiment 2,1,2.8,8.6
1KOJCwaveDWsadHwWgVand,10781,Sharwoods,Experiment 2,1,2.8,8.6
60fS8lXtDXv52TIi627jOq,10764,Pataks,Experiment 1,1,3.0,9.25
60fS8lXtDXv52TIi627jOq,10743,Pataks,Experiment 1,1,2.4,9.25
60fS8lXtDXv52TIi627jOq,10749,The Spice Tailor,Experiment 1,1,3.85,9.25
2b71hyCbYC4PVqZLB2GZYV,10778,Pataks,Experiment 1,1,1.85,1.85
5NJ6CL2dgzXcoaJcV41q5U,10782,Sharwoods,Control,1,2.8,9.75
5NJ6CL2dgzXcoaJcV41q5U,10765,Bens Original,Control,1,2.6,9.75
5NJ6CL2dgzXcoaJcV41q5U,10777,Sharwoods,Control,1,2.5,9.75
5NJ6CL2dgzXcoaJcV41q5U,10760,Pataks,Control,1,1.85,9.75
4zqIzsQb82R402JDXGBZKA,10777,Sharwoods,Control,1,2.5,2.5
5KZiId2rRZgXQsDGnYq31y,10763,Pataks,Experiment 1,1,2.4,14.8
5KZiId2rRZgXQsDGnYq31y,10745,Sharwoods,Experiment 1,1,2.5,14.8
5KZiId2rRZgXQsDGnYq31y,10739,Sharwoods,Experiment 1,1,2.5,14.8
5KZiId2rRZgXQsDGnYq31y,10776,Sharwoods,Experiment 1,1,2.5,14.8
5KZiId2rRZgXQsDGnYq31y,10736,Pataks,Experiment 1,1,2.4,14.8
5KZiId2rRZgXQsDGnYq31y,10777,Sharwoods,Experiment 1,1,2.5,14.8
6Ct3eQWqmhpPYuVFXPial8,10776,Sharwoods,Control,4,10.0,13.25
6Ct3eQWqmhpPYuVFXPial8,10774,Pataks,Control,1,3.25,13.25
5sdF3GRvXQX7ROnTWhbGdL,10780,Loyd Grossman,Experiment 1,1,3.0,19.6
5sdF3GRvXQX7ROnTWhbGdL,10784,Sharwoods,Experiment 1,1,2.8,19.6
5sdF3GRvXQX7ROnTWhbGdL,10789,Sharwoods,Experiment 1,1,2.0,19.6
5sdF3GRvXQX7ROnTWhbGdL,10744,Sharwoods,Experiment 1,1,2.5,19.6
5sdF3GRvXQX7ROnTWhbGdL,10742,Pataks,Experiment 1,1,2.4,19.6
5sdF3GRvXQX7ROnTWhbGdL,10761,Sharwoods,Experiment 1,1,2.5,19.6
5sdF3GRvXQX7ROnTWhbGdL,10752,Pataks,Experiment 1,1,2.4,19.6
5sdF3GRvXQX7ROnTWhbGdL,10786,Sharwoods,Experiment 1,1,2.0,19.6
2WvIhufTtTmrWREnxj1SXA,10750,Pataks,Experiment 1,1,2.4,9.55
2WvIhufTtTmrWREnxj1SXA,10778,Pataks,Experiment 1,1,1.85,9.55
2WvIhufTtTmrWREnxj1SXA,10759,Sharwoods,Experiment 1,1,2.5,9.55
2WvIhufTtTmrWREnxj1SXA,10781,Sharwoods,Experiment 1,1,2.8,9.55
57DVmC0s5B8TqBGua3fgp3,10752,Pataks,Control,1,2.4,9.6
57DVmC0s5B8TqBGua3fgp3,10736,Pataks,Control,2,4.8,9.6
57DVmC0s5B8TqBGua3fgp3,10738,Pataks,Control,1,2.4,9.6
2IcM4ieUCcmwbZBfi6KReG,10756,Pataks,Control,1,2.4,12.15
2IcM4ieUCcmwbZBfi6KReG,10762,Pataks,Control,1,3.25,12.15
2IcM4ieUCcmwbZBfi6KReG,10774,Pataks,Control,1,3.25,12.15
2IcM4ieUCcmwbZBfi6KReG,10758,Pataks,Control,1,3.25,12.15
69V059wfxUvGFVqJqh55Gs,10743,Pataks,Experiment 1,1,2.4,2.4
4R7e1kqkQkJGbrnFC4OTnV,10743,Pataks,Control,1,2.4,8.05
4R7e1kqkQkJGbrnFC4OTnV,10738,Pataks,Control,1,2.4,8.05
4R7e1kqkQkJGbrnFC4OTnV,10774,Pataks,Control,1,3.25,8.05
3tJUxd4gUleMPhOEQKkl1C,10753,Loyd Grossman,Control,1,3.0,3.0
0ZvVGlNlWWrDhg9EVDO8Zx,10764,Pataks,Control,1,3.0,6.85
0ZvVGlNlWWrDhg9EVDO8Zx,10748,The Spice Tailor,Control,1,3.85,6.85
5n8DZLYRAIircckFt0lWYs,10758,Pataks,Experiment 1,1,3.25,7.1
5n8DZLYRAIircckFt0lWYs,10773,The Spice Tailor,Experiment 1,1,3.85,7.1
6uUBmhLYY5SHb7aXTJM0s1,10759,Sharwoods,Control,1,2.5,2.5
0lOtAr8pLlbuOLuxtvRu8a,10765,Bens Original,Experiment 2,1,2.6,2.6
6silUDrSqObrrOuClJqgzT,10763,Pataks,Experiment 2,1,2.4,9.9
6silUDrSqObrrOuClJqgzT,10767,Sharwoods,Experiment 2,3,7.5,9.9
512N5rfSjyg3Z8cJ0aaAgI,10783,Sharwoods,Experiment 2,1,2.8,15.4
512N5rfSjyg3Z8cJ0aaAgI,10772,The Spice Tailor,Experiment 2,1,3.85,15.4
512N5rfSjyg3Z8cJ0aaAgI,10759,Sharwoods,Experiment 2,1,2.5,15.4
512N5rfSjyg3Z8cJ0aaAgI,10764,Pataks,Experiment 2,1,3.0,15.4
512N5rfSjyg3Z8cJ0aaAgI,10746,Pataks,Experiment 2,1,3.25,15.4
4TZgZhB1TO4RGlQHWNLRMD,10776,Sharwoods,Experiment 1,1,2.5,4.5
4TZgZhB1TO4RGlQHWNLRMD,10789,Sharwoods,Experiment 1,1,2.0,4.5
71LvIzknLywjSVe9iVzPah,10757,Pataks,Experiment 1,1,2.4,12.7
71LvIzknLywjSVe9iVzPah,10744,Sharwoods,Experiment 1,1,2.5,12.7
71LvIzknLywjSVe9iVzPah,10771,Loyd Grossman,Experiment 1,1,3.0,12.7
71LvIzknLywjSVe9iVzPah,10787,Sharwoods,Experiment 1,1,2.0,12.7
71LvIzknLywjSVe9iVzPah,10782,Sharwoods,Experiment 1,1,2.8,12.7
2woyTWv6KuSYtvSs4Z6rPL,10740,Sharwoods,Control,1,2.5,8.75
2woyTWv6KuSYtvSs4Z6rPL,10746,Pataks,Control,1,3.25,8.75
2woyTWv6KuSYtvSs4Z6rPL,10764,Pataks,Control,1,3.0,8.75
45VvnMliuXUCWmTVwYmqnh,10753,Loyd Grossman,Experiment 2,1,3.0,9.85
45VvnMliuXUCWmTVwYmqnh,10754,The Spice Tailor,Experiment 2,1,3.85,9.85
45VvnMliuXUCWmTVwYmqnh,10764,Pataks,Experiment 2,1,3.0,9.85
4DrpwKj1Due5RqoFo6VWjC,10784,Sharwoods,Control,2,5.6,11.6
4DrpwKj1Due5RqoFo6VWjC,10764,Pataks,Control,2,6.0,11.6
1ND0d6bjw0Wx0BSLUr8yqR,10747,The Spice Tailor,Experiment 1,4,15.4,24.3
1ND0d6bjw0Wx0BSLUr8yqR,10758,Pataks,Experiment 1,2,6.5,24.3
1ND0d6bjw0Wx0BSLUr8yqR,10757,Pataks,Experiment 1,1,2.4,24.3
2S6lS5LbryMdQjjPVurKRv,10792,Sharwoods,Experiment 2,1,2.8,4.65
2S6lS5LbryMdQjjPVurKRv,10766,Pataks,Experiment 2,1,1.85,4.65
6V4JVj0N4RWtlMVrUtisKH,10769,The Spice Tailor,Control,1,3.85,10.5
6V4JVj0N4RWtlMVrUtisKH,10782,Sharwoods,Control,1,2.8,10.5
6V4JVj0N4RWtlMVrUtisKH,10748,The Spice Tailor,Control,1,3.85,10.5
5vk92MnbMeHmO43RZiJQdF,10774,Pataks,Experiment 1,2,6.5,27.3
5vk92MnbMeHmO43RZiJQdF,10764,Pataks,Experiment 1,2,6.0,27.3
5vk92MnbMeHmO43RZiJQdF,10768,The Spice Tailor,Experiment 1,1,3.85,27.3
5vk92MnbMeHmO43RZiJQdF,10773,The Spice Tailor,Experiment 1,2,7.7,27.3
5vk92MnbMeHmO43RZiJQdF,10758,Pataks,Experiment 1,1,3.25,27.3
0AjzT6ihPKY842UAEAW70m,10740,Sharwoods,Control,1,2.5,8.0
0AjzT6ihPKY842UAEAW70m,10780,Loyd Grossman,Control,1,3.0,8.0
0AjzT6ihPKY842UAEAW70m,10751,Sharwoods,Control,1,2.5,8.0
2Jp4OOA3maFBP9X9W6MEwY,10759,Sharwoods,Experiment 1,1,2.5,2.5
61a3u0oLcTkniluU46GJHZ,10755,Pataks,Control,1,3.25,11.3
61a3u0oLcTkniluU46GJHZ,10752,Pataks,Control,1,2.4,11.3
61a3u0oLcTkniluU46GJHZ,10742,Pataks,Control,1,2.4,11.3
61a3u0oLcTkniluU46GJHZ,10758,Pataks,Control,1,3.25,11.3
10EpWzRVk73YRs0yzXbgMT,10783,Sharwoods,Experiment 1,1,2.8,2.8
5TQurWHf80vtEcH2A26A8h,10782,Sharwoods,Experiment 2,1,2.8,8.6
5TQurWHf80vtEcH2A26A8h,10793,Sharwoods,Experiment 2,1,2.8,8.6
5TQurWHf80vtEcH2A26A8h,10771,Loyd Grossman,Experiment 2,1,3.0,8.6
7GCEAS1rdADEb4GEyL6Bj2,10782,Sharwoods,Control,1,2.8,2.8
2rpjs8pHvZetltQ6HqLrnl,10767,Sharwoods,Control,1,2.5,17.6
2rpjs8pHvZetltQ6HqLrnl,10759,Sharwoods,Control,1,2.5,17.6
2rpjs8pHvZetltQ6HqLrnl,10755,Pataks,Control,1,3.25,17.6
2rpjs8pHvZetltQ6HqLrnl,10747,The Spice Tailor,Control,1,3.85,17.6
2rpjs8pHvZetltQ6HqLrnl,10777,Sharwoods,Control,1,2.5,17.6
2rpjs8pHvZetltQ6HqLrnl,10780,Loyd Grossman,Control,1,3.0,17.6
0KcOH6BHVSk5d7NVw7KxAB,10751,Sharwoods,Control,1,2.5,12.45
0KcOH6BHVSk5d7NVw7KxAB,10777,Sharwoods,Control,1,2.5,12.45
0KcOH6BHVSk5d7NVw7KxAB,10766,Pataks,Control,1,1.85,12.45
0KcOH6BHVSk5d7NVw7KxAB,10784,Sharwoods,Control,1,2.8,12.45
0KcOH6BHVSk5d7NVw7KxAB,10782,Sharwoods,Control,1,2.8,12.45
5Cw6oAV7rFSElufhg8JdvK,10765,Bens Original,Control,1,2.6,7.9
5Cw6oAV7rFSElufhg8JdvK,10745,Sharwoods,Control,1,2.5,7.9
5Cw6oAV7rFSElufhg8JdvK,10782,Sharwoods,Control,1,2.8,7.9
7etNDJg0hfZ43UrRP6uKeF,10740,Sharwoods,Control,1,2.5,14.9
7etNDJg0hfZ43UrRP6uKeF,10756,Pataks,Control,2,4.8,14.9
7etNDJg0hfZ43UrRP6uKeF,10765,Bens Original,Control,1,2.6,14.9
7etNDJg0hfZ43UrRP6uKeF,10751,Sharwoods,Control,1,2.5,14.9
7etNDJg0hfZ43UrRP6uKeF,10767,Sharwoods,Control,1,2.5,14.9
1XjQlWTGaU1dKsisXrfM59,10756,Pataks,Control,1,2.4,7.2
1XjQlWTGaU1dKsisXrfM59,10738,Pataks,Control,1,2.4,7.2
1XjQlWTGaU1dKsisXrfM59,10750,Pataks,Control,1,2.4,7.2
3o5UxLKCbZckuQc6RABSUW,10766,Pataks,Experiment 2,1,1.85,1.85
2sLQZ6CAgUhcO253VXmQuU,10750,Pataks,Experiment 2,1,2.4,13.55
2sLQZ6CAgUhcO253VXmQuU,10783,Sharwoods,Experiment 2,1,2.8,13.55
2sLQZ6CAgUhcO253VXmQuU,10746,Pataks,Experiment 2,1,3.25,13.55
2sLQZ6CAgUhcO253VXmQuU,10739,Sharwoods,Experiment 2,1,2.5,13.55
2sLQZ6CAgUhcO253VXmQuU,10765,Bens Original,Experiment 2,1,2.6,13.55
6UwcFzOMarcAZLtkXhenrQ,10777,Sharwoods,Experiment 1,1,2.5,2.5
3kqQoRZadhZqmz5lY3panZ,10777,Sharwoods,Control,1,2.5,6.35
3kqQoRZadhZqmz5lY3panZ,10747,The Spice Tailor,Control,1,3.85,6.35
5E1oL75uxiO8kGHk0hU2af,10756,Pataks,Control,1,2.4,4.8
5E1oL75uxiO8kGHk0hU2af,10750,Pataks,Control,1,2.4,4.8
3asTpy8qB9ttFPkGvJB2X6,10760,Pataks,Control,1,1.85,1.85
43k3GV9IrG9GxGDXOwPq07,10789,Sharwoods,Experiment 1,1,2.0,5.85
43k3GV9IrG9GxGDXOwPq07,10749,The Spice Tailor,Experiment 1,1,3.85,5.85
5zVaBmtVAuVIei78Uiejtv,10750,Pataks,Control,1,2.4,4.9
5zVaBmtVAuVIei78Uiejtv,10777,Sharwoods,Control,1,2.5,4.9
4apIZQsd8AG3SGZ3p6QWpY,10742,Pataks,Control,1,2.4,23.7
4apIZQsd8AG3SGZ3p6QWpY,10739,Sharwoods,Control,1,2.5,23.7
4apIZQsd8AG3SGZ3p6QWpY,10774,Pataks,Control,2,6.5,23.7
4apIZQsd8AG3SGZ3p6QWpY,10736,Pataks,Control,1,2.4,23.7
4apIZQsd8AG3SGZ3p6QWpY,10740,Sharwoods,Control,1,2.5,23.7
4apIZQsd8AG3SGZ3p6QWpY,10745,Sharwoods,Control,1,2.5,23.7
4apIZQsd8AG3SGZ3p6QWpY,10752,Pataks,Control,1,2.4,23.7
4apIZQsd8AG3SGZ3p6QWpY,10751,Sharwoods,Control,1,2.5,23.7
46Od4EJXrCAAHF86KgGssN,10770,Sharwoods,Experiment 1,1,2.5,4.9
46Od4EJXrCAAHF86KgGssN,10756,Pataks,Experiment 1,1,2.4,4.9
7Lcm1GbkG8vUqwO6PdQHcn,10762,Pataks,Control,1,3.25,14.4
7Lcm1GbkG8vUqwO6PdQHcn,10763,Pataks,Control,1,2.4,14.4
7Lcm1GbkG8vUqwO6PdQHcn,10758,Pataks,Control,1,3.25,14.4
7Lcm1GbkG8vUqwO6PdQHcn,10759,Sharwoods,Control,1,2.5,14.4
7Lcm1GbkG8vUqwO6PdQHcn,10780,Loyd Grossman,Control,1,3.0,14.4
6IjUBMuR4bi44gZQAV0zkP,10786,Sharwoods,Experiment 1,1,2.0,6.8
6IjUBMuR4bi44gZQAV0zkP,10743,Pataks,Experiment 1,1,2.4,6.8
6IjUBMuR4bi44gZQAV0zkP,10742,Pataks,Experiment 1,1,2.4,6.8
0C9uj7nBTMtU1pMBJkSB9Z,10751,Sharwoods,Experiment 2,1,2.5,6.35
0C9uj7nBTMtU1pMBJkSB9Z,10768,The Spice Tailor,Experiment 2,1,3.85,6.35
1Deaw25m8BNHHXatFo0nxP,10742,Pataks,Control,1,2.4,18.3
1Deaw25m8BNHHXatFo0nxP,10751,Sharwoods,Control,1,2.5,18.3
1Deaw25m8BNHHXatFo0nxP,10743,Pataks,Control,1,2.4,18.3
1Deaw25m8BNHHXatFo0nxP,10748,The Spice Tailor,Control,1,3.85,18.3
1Deaw25m8BNHHXatFo0nxP,10766,Pataks,Control,1,1.85,18.3
1Deaw25m8BNHHXatFo0nxP,10761,Sharwoods,Control,1,2.5,18.3
1Deaw25m8BNHHXatFo0nxP,10782,Sharwoods,Control,1,2.8,18.3
5vAsMscafdhzuAPxcQrIcd,10776,Sharwoods,Control,1,2.5,10.2
5vAsMscafdhzuAPxcQrIcd,10748,The Spice Tailor,Control,2,7.7,10.2
1qYidvRRYZfVXhZev8bmsx,10782,Sharwoods,Experiment 2,1,2.8,2.8
182j4CYrhk9FF3GRkXzYcW,10744,Sharwoods,Experiment 1,1,2.5,4.35
182j4CYrhk9FF3GRkXzYcW,10778,Pataks,Experiment 1,1,1.85,4.35
3MdfqZXqKvrxel1mUkJEpG,10765,Bens Original,Control,1,2.6,4.45
3MdfqZXqKvrxel1mUkJEpG,10766,Pataks,Control,1,1.85,4.45
300DGrZUWugG4GoSvTvjWY,10748,The Spice Tailor,Control,1,3.85,11.2
300DGrZUWugG4GoSvTvjWY,10771,Loyd Grossman,Control,1,3.0,11.2
300DGrZUWugG4GoSvTvjWY,10760,Pataks,Control,1,1.85,11.2
300DGrZUWugG4GoSvTvjWY,10740,Sharwoods,Control,1,2.5,11.2
3OvElOFTimLIbOnqgLPZmi,10760,Pataks,Experiment 2,1,1.85,3.7
3OvElOFTimLIbOnqgLPZmi,10778,Pataks,Experiment 2,1,1.85,3.7
0yEqMF1SYqXwqi55OpMKpa,10754,The Spice Tailor,Experiment 1,1,3.85,11.55
0yEqMF1SYqXwqi55OpMKpa,10779,The Spice Tailor,Experiment 1,1,3.85,11.55
0yEqMF1SYqXwqi55OpMKpa,10747,The Spice Tailor,Experiment 1,1,3.85,11.55
4pHoSbIRCqe89oBUTbo4kE,10756,Pataks,Experiment 2,1,2.4,9.8
4pHoSbIRCqe89oBUTbo4kE,10738,Pataks,Experiment 2,1,2.4,9.8
4pHoSbIRCqe89oBUTbo4kE,10745,Sharwoods,Experiment 2,1,2.5,9.8
4pHoSbIRCqe89oBUTbo4kE,10739,Sharwoods,Experiment 2,1,2.5,9.8
6GpTlhPBAWCsToR02598tG,10778,Pataks,Experiment 1,1,1.85,5.7
6GpTlhPBAWCsToR02598tG,10754,The Spice Tailor,Experiment 1,1,3.85,5.7
1nhMuwsDkycuo9OJDpL56B,10774,Pataks,Control,3,9.75,12.55
1nhMuwsDkycuo9OJDpL56B,10783,Sharwoods,Control,1,2.8,12.55
5vZ1O60S82pOmXj4of6o3G,10783,Sharwoods,Experiment 1,1,2.8,10.6
5vZ1O60S82pOmXj4of6o3G,10744,Sharwoods,Experiment 1,1,2.5,10.6
5vZ1O60S82pOmXj4of6o3G,10781,Sharwoods,Experiment 1,1,2.8,10.6
5vZ1O60S82pOmXj4of6o3G,10776,Sharwoods,Experiment 1,1,2.5,10.6
6owjFGTqA1000dpsuNKKvN,10792,Sharwoods,Experiment 2,1,2.8,7.6
6owjFGTqA1000dpsuNKKvN,10736,Pataks,Experiment 2,1,2.4,7.6
6owjFGTqA1000dpsuNKKvN,10743,Pataks,Experiment 2,1,2.4,7.6
69lv1xH5JD0CHG4q6zZQzA,10757,Pataks,Control,1,2.4,6.65
69lv1xH5JD0CHG4q6zZQzA,10778,Pataks,Control,1,1.85,6.65
69lv1xH5JD0CHG4q6zZQzA,10738,Pataks,Control,1,2.4,6.65
1k7CtxtgPzTATlTlFhC0ew,10766,Pataks,Experiment 2,1,1.85,4.65
1k7CtxtgPzTATlTlFhC0ew,10790,Sharwoods,Experiment 2,1,2.8,4.65
7x3C8gj5XByFHsY8UBij6I,10792,Sharwoods,Experiment 2,1,2.8,5.6
7x3C8gj5XByFHsY8UBij6I,10781,Sharwoods,Experiment 2,1,2.8,5.6
4jDEIppFsUMAMGmtsyJrV2,10782,Sharwoods,Experiment 2,1,2.8,8.1
4jDEIppFsUMAMGmtsyJrV2,10792,Sharwoods,Experiment 2,1,2.8,8.1
4jDEIppFsUMAMGmtsyJrV2,10777,Sharwoods,Experiment 2,1,2.5,8.1
45WM51zdUnFzSewBvMVwTM,10773,The Spice Tailor,Control,2,7.7,12.6
45WM51zdUnFzSewBvMVwTM,10757,Pataks,Control,1,2.4,12.6
45WM51zdUnFzSewBvMVwTM,10767,Sharwoods,Control,1,2.5,12.6
0L0LM5VvTShlZoAyjHldJy,10736,Pataks,Experiment 2,1,2.4,2.4
4feFDL78qxrnIcN93vSRqw,10765,Bens Original,Experiment 1,1,2.6,14.25
4feFDL78qxrnIcN93vSRqw,10783,Sharwoods,Experiment 1,1,2.8,14.25
4feFDL78qxrnIcN93vSRqw,10789,Sharwoods,Experiment 1,1,2.0,14.25
4feFDL78qxrnIcN93vSRqw,10780,Loyd Grossman,Experiment 1,1,3.0,14.25
4feFDL78qxrnIcN93vSRqw,10754,The Spice Tailor,Experiment 1,1,3.85,14.25
2toD0TP9sAQsu4gvZ2q8BW,10771,Loyd Grossman,Control,1,3.0,10.4
2toD0TP9sAQsu4gvZ2q8BW,10770,Sharwoods,Control,1,2.5,10.4
2toD0TP9sAQsu4gvZ2q8BW,10756,Pataks,Control,1,2.4,10.4
2toD0TP9sAQsu4gvZ2q8BW,10745,Sharwoods,Control,1,2.5,10.4
4eGduBTPCLlSf1zRlkkje6,10765,Bens Original,Experiment 1,1,2.6,2.6
0mIzbdUhX00Y50Ds0PpceG,10750,Pataks,Control,1,2.4,22.3
0mIzbdUhX00Y50Ds0PpceG,10740,Sharwoods,Control,1,2.5,22.3
0mIzbdUhX00Y50Ds0PpceG,10751,Sharwoods,Control,1,2.5,22.3
0mIzbdUhX00Y50Ds0PpceG,10770,Sharwoods,Control,1,2.5,22.3
0mIzbdUhX00Y50Ds0PpceG,10743,Pataks,Control,1,2.4,22.3
0mIzbdUhX00Y50Ds0PpceG,10777,Sharwoods,Control,1,2.5,22.3
0mIzbdUhX00Y50Ds0PpceG,10736,Pataks,Control,1,2.4,22.3
0mIzbdUhX00Y50Ds0PpceG,10765,Bens Original,Control,1,2.6,22.3
0mIzbdUhX00Y50Ds0PpceG,10761,Sharwoods,Control,1,2.5,22.3
0RjjrpmR9vSnNOsZ9oIgHd,10739,Sharwoods,Experiment 2,1,2.5,4.9
0RjjrpmR9vSnNOsZ9oIgHd,10752,Pataks,Experiment 2,1,2.4,4.9
6A3DHRqTr3axTDO6kHGolR,10750,Pataks,Experiment 2,1,2.4,4.9
6A3DHRqTr3axTDO6kHGolR,10767,Sharwoods,Experiment 2,1,2.5,4.9
54RBrFmoTo7I2tIeIMroC2,10745,Sharwoods,Control,1,2.5,2.5
7M8krRrA5SBCinq2LWcCbT,10738,Pataks,Experiment 2,1,2.4,2.4
14FQbCtafFiAGCIy9DnDsZ,10747,The Spice Tailor,Control,1,3.85,11.55
14FQbCtafFiAGCIy9DnDsZ,10779,The Spice Tailor,Control,1,3.85,11.55
14FQbCtafFiAGCIy9DnDsZ,10754,The Spice Tailor,Control,1,3.85,11.55
5CaFzdjCMpviAT3vShetcN,10776,Sharwoods,Experiment 1,1,2.5,2.5
0U0HezvZ8otII15nXdyDE7,10752,Pataks,Control,1,2.4,6.25
0U0HezvZ8otII15nXdyDE7,10748,The Spice Tailor,Control,1,3.85,6.25
6aKEcXHHRzWufLt2LOflNf,10760,Pataks,Experiment 1,1,1.85,24.45
6aKEcXHHRzWufLt2LOflNf,10788,Sharwoods,Experiment 1,1,2.0,24.45
6aKEcXHHRzWufLt2LOflNf,10787,Sharwoods,Experiment 1,1,2.0,24.45
6aKEcXHHRzWufLt2LOflNf,10768,The Spice Tailor,Experiment 1,2,7.7,24.45
6aKEcXHHRzWufLt2LOflNf,10753,Loyd Grossman,Experiment 1,1,3.0,24.45
6aKEcXHHRzWufLt2LOflNf,10765,Bens Original,Experiment 1,1,2.6,24.45
6aKEcXHHRzWufLt2LOflNf,10781,Sharwoods,Experiment 1,1,2.8,24.45
6aKEcXHHRzWufLt2LOflNf,10759,Sharwoods,Experiment 1,1,2.5,24.45
7ejuysH1c0m47dqSKlvd90,10757,Pataks,Experiment 2,1,2.4,14.55
7ejuysH1c0m47dqSKlvd90,10776,Sharwoods,Experiment 2,1,2.5,14.55
7ejuysH1c0m47dqSKlvd90,10780,Loyd Grossman,Experiment 2,1,3.0,14.55
7ejuysH1c0m47dqSKlvd90,10791,Sharwoods,Experiment 2,1,2.8,14.55
7ejuysH1c0m47dqSKlvd90,10772,The Spice Tailor,Experiment 2,1,3.85,14.55
5g4gKCST5v77P93mMEMQIQ,10771,Loyd Grossman,Experiment 1,1,3.0,3.0
1khp0vcmsCn9gHKSXq1XNz,10782,Sharwoods,Control,1,2.8,6.65
1khp0vcmsCn9gHKSXq1XNz,10748,The Spice Tailor,Control,1,3.85,6.65
2gNO1PiZVlhbDJY5t2wXdI,10751,Sharwoods,Experiment 2,2,5.0,16.0
2gNO1PiZVlhbDJY5t2wXdI,10752,Pataks,Experiment 2,1,2.4,16.0
2gNO1PiZVlhbDJY5t2wXdI,10784,Sharwoods,Experiment 2,1,2.8,16.0
2gNO1PiZVlhbDJY5t2wXdI,10793,Sharwoods,Experiment 2,1,2.8,16.0
2gNO1PiZVlhbDJY5t2wXdI,10753,Loyd Grossman,Experiment 2,1,3.0,16.0
319fng25xWhLBaMeZkWspx,10750,Pataks,Experiment 2,1,2.4,11.45
319fng25xWhLBaMeZkWspx,10769,The Spice Tailor,Experiment 2,1,3.85,11.45
319fng25xWhLBaMeZkWspx,10790,Sharwoods,Experiment 2,1,2.8,11.45
319fng25xWhLBaMeZkWspx,10738,Pataks,Experiment 2,1,2.4,11.45
1oE5ImjunA9yWuChkjQ6UR,10773,The Spice Tailor,Experiment 1,2,7.7,20.95
1oE5ImjunA9yWuChkjQ6UR,10759,Sharwoods,Experiment 1,1,2.5,20.95
1oE5ImjunA9yWuChkjQ6UR,10758,Pataks,Experiment 1,1,3.25,20.95
1oE5ImjunA9yWuChkjQ6UR,10765,Bens Original,Experiment 1,1,2.6,20.95
1oE5ImjunA9yWuChkjQ6UR,10767,Sharwoods,Experiment 1,1,2.5,20.95
1oE5ImjunA9yWuChkjQ6UR,10742,Pataks,Experiment 1,1,2.4,20.95
17K2OxeJC1bMLJpIqMAUbq,10740,Sharwoods,Experiment 1,1,2.5,12.25
17K2OxeJC1bMLJpIqMAUbq,10738,Pataks,Experiment 1,1,2.4,12.25
17K2OxeJC1bMLJpIqMAUbq,10760,Pataks,Experiment 1,1,1.85,12.25
17K2OxeJC1bMLJpIqMAUbq,10780,Loyd Grossman,Experiment 1,1,3.0,12.25
17K2OxeJC1bMLJpIqMAUbq,10759,Sharwoods,Experiment 1,1,2.5,12.25
2qwGZUubu9beDE1I1folL2,10763,Pataks,Control,1,2.4,7.4
2qwGZUubu9beDE1I1folL2,10765,Bens Original,Control,1,2.6,7.4
2qwGZUubu9beDE1I1folL2,10738,Pataks,Control,1,2.4,7.4
4t19deBzb8z4Jybr3OgBlf,10750,Pataks,Experiment 2,1,2.4,4.8
4t19deBzb8z4Jybr3OgBlf,10756,Pataks,Experiment 2,1,2.4,4.8
2DhkVUo0eXPh88dcYqtbVC,10761,Sharwoods,Experiment 1,1,2.5,4.9
2DhkVUo0eXPh88dcYqtbVC,10742,Pataks,Experiment 1,1,2.4,4.9
7xJGIOWwrUiOeDXYaBqbRq,10742,Pataks,Control,1,2.4,2.4
2Qvx9XJYcLHU0GASqXUohQ,10781,Sharwoods,Experiment 2,3,8.4,16.45
2Qvx9XJYcLHU0GASqXUohQ,10758,Pataks,Experiment 2,1,3.25,16.45
2Qvx9XJYcLHU0GASqXUohQ,10736,Pataks,Experiment 2,1,2.4,16.45
2Qvx9XJYcLHU0GASqXUohQ,10752,Pataks,Experiment 2,1,2.4,16.45
6IPkswsTb4e5ZrTYl5fT40,10774,Pataks,Experiment 1,4,13.0,32.7
6IPkswsTb4e5ZrTYl5fT40,10740,Sharwoods,Experiment 1,2,7.5,32.7
6IPkswsTb4e5ZrTYl5fT40,10751,Sharwoods,Experiment 1,1,5.0,32.7
6IPkswsTb4e5ZrTYl5fT40,10752,Pataks,Experiment 1,1,4.8,32.7
6IPkswsTb4e5ZrTYl5fT40,10742,Pataks,Experiment 1,1,2.4,32.7
3ybrJF9A6iZ8UotQrFd7Md,10767,Sharwoods,Experiment 2,1,2.5,25.2
3ybrJF9A6iZ8UotQrFd7Md,10755,Pataks,Experiment 2,1,3.25,25.2
3ybrJF9A6iZ8UotQrFd7Md,10757,Pataks,Experiment 2,1,2.4,25.2
3ybrJF9A6iZ8UotQrFd7Md,10763,Pataks,Experiment 2,1,2.4,25.2
3ybrJF9A6iZ8UotQrFd7Md,10783,Sharwoods,Experiment 2,1,2.8,25.2
3ybrJF9A6iZ8UotQrFd7Md,10754,The Spice Tailor,Experiment 2,1,3.85,25.2
3ybrJF9A6iZ8UotQrFd7Md,10790,Sharwoods,Experiment 2,1,2.8,25.2
3ybrJF9A6iZ8UotQrFd7Md,10784,Sharwoods,Experiment 2,1,2.8,25.2
3ybrJF9A6iZ8UotQrFd7Md,10736,Pataks,Experiment 2,1,2.4,25.2
3j9YUw5TmpUYxY5iIBz8rF,10742,Pataks,Control,1,2.4,17.05
3j9YUw5TmpUYxY5iIBz8rF,10781,Sharwoods,Control,1,2.8,17.05
3j9YUw5TmpUYxY5iIBz8rF,10740,Sharwoods,Control,1,2.5,17.05
3j9YUw5TmpUYxY5iIBz8rF,10768,The Spice Tailor,Control,1,3.85,17.05
3j9YUw5TmpUYxY5iIBz8rF,10764,Pataks,Control,1,3.0,17.05
3j9YUw5TmpUYxY5iIBz8rF,10751,Sharwoods,Control,1,2.5,17.05
5nGu0EzMvx66ELdlTsZCUZ,10743,Pataks,Control,1,2.4,2.4
0RpPdKJ3Dp9LyB7pnK1iHp,10783,Sharwoods,Control,1,2.8,2.8
2ZFuo8pTTZTDfEs21w7T6i,10780,Loyd Grossman,Control,1,3.0,5.4
2ZFuo8pTTZTDfEs21w7T6i,10742,Pataks,Control,1,2.4,5.4
6JWhriX4cJqaaLCxZaNWO6,10769,The Spice Tailor,Experiment 2,2,7.7,15.35
6JWhriX4cJqaaLCxZaNWO6,10766,Pataks,Experiment 2,1,1.85,15.35
6JWhriX4cJqaaLCxZaNWO6,10790,Sharwoods,Experiment 2,1,2.8,15.35
6JWhriX4cJqaaLCxZaNWO6,10753,Loyd Grossman,Experiment 2,1,3.0,15.35
26xIdOYkJAKOLBZIlx0tbj,10760,Pataks,Control,1,1.85,13.9
26xIdOYkJAKOLBZIlx0tbj,10767,Sharwoods,Control,1,2.5,13.9
26xIdOYkJAKOLBZIlx0tbj,10748,The Spice Tailor,Control,1,3.85,13.9
26xIdOYkJAKOLBZIlx0tbj,10754,The Spice Tailor,Control,1,3.85,13.9
26xIdOYkJAKOLBZIlx0tbj,10778,Pataks,Control,1,1.85,13.9
5ANonhizgEVLJ1Wd6yDVJz,10753,Loyd Grossman,Experiment 2,1,3.0,3.0
47T9H7QNanI1zOcf6eSU4y,10778,Pataks,Experiment 1,1,1.85,4.65
47T9H7QNanI1zOcf6eSU4y,10782,Sharwoods,Experiment 1,1,2.8,4.65
06EkebW3T5Hx3TOmNrvqax,10782,Sharwoods,Experiment 1,1,2.8,2.8
6jD6bhiayZxaEeXENEdrgz,10744,Sharwoods,Control,1,2.5,2.5
40rtYnikupS3nP7jzp1e8V,10739,Sharwoods,Experiment 1,1,2.5,2.5
4eduAVqM5oYbIOETCa9W9R,10770,Sharwoods,Experiment 1,1,2.5,7.4
4eduAVqM5oYbIOETCa9W9R,10777,Sharwoods,Experiment 1,1,2.5,7.4
4eduAVqM5oYbIOETCa9W9R,10763,Pataks,Experiment 1,1,2.4,7.4
4OSI41Ugjo4BZGJ52OtMlQ,10753,Loyd Grossman,Experiment 2,1,3.0,5.5
4OSI41Ugjo4BZGJ52OtMlQ,10759,Sharwoods,Experiment 2,1,2.5,5.5
3bln4dDOxwQEXUK4bUVsWO,10739,Sharwoods,Control,2,5.0,13.15
3bln4dDOxwQEXUK4bUVsWO,10758,Pataks,Control,1,3.25,13.15
3bln4dDOxwQEXUK4bUVsWO,10736,Pataks,Control,1,2.4,13.15
3bln4dDOxwQEXUK4bUVsWO,10777,Sharwoods,Control,1,2.5,13.15
7lFkYSX5TuNkFoAoGW2qPq,10751,Sharwoods,Control,1,2.5,5.0
7lFkYSX5TuNkFoAoGW2qPq,10739,Sharwoods,Control,1,2.5,5.0
52YAN7Py75GZ2oXHCR7COE,10755,Pataks,Experiment 2,1,3.25,5.65
52YAN7Py75GZ2oXHCR7COE,10750,Pataks,Experiment 2,1,2.4,5.65
7hgSYdUw1MnVukxjZKrn8c,10758,Pataks,Control,1,3.25,20.4
7hgSYdUw1MnVukxjZKrn8c,10745,Sharwoods,Control,1,2.5,20.4
7hgSYdUw1MnVukxjZKrn8c,10748,The Spice Tailor,Control,1,3.85,20.4
7hgSYdUw1MnVukxjZKrn8c,10782,Sharwoods,Control,1,2.8,20.4
7hgSYdUw1MnVukxjZKrn8c,10780,Loyd Grossman,Control,1,3.0,20.4
7hgSYdUw1MnVukxjZKrn8c,10751,Sharwoods,Control,2,5.0,20.4
5g9qDskrKHvsFZN0jCrQJe,10738,Pataks,Control,1,2.4,5.2
5g9qDskrKHvsFZN0jCrQJe,10784,Sharwoods,Control,1,2.8,5.2
5hbLRju45QUmsKCWrDvqPq,10781,Sharwoods,Experiment 1,1,2.8,10.5
5hbLRju45QUmsKCWrDvqPq,10769,The Spice Tailor,Experiment 1,2,7.7,10.5
1AM8j2CoEdeQwR7Xxff2xe,10767,Sharwoods,Experiment 2,1,2.5,9.7
1AM8j2CoEdeQwR7Xxff2xe,10763,Pataks,Experiment 2,1,2.4,9.7
1AM8j2CoEdeQwR7Xxff2xe,10756,Pataks,Experiment 2,1,2.4,9.7
1AM8j2CoEdeQwR7Xxff2xe,10757,Pataks,Experiment 2,1,2.4,9.7
6aU8HmLepMvxQdIQnswuEp,10781,Sharwoods,Control,2,5.6,20.7
6aU8HmLepMvxQdIQnswuEp,10745,Sharwoods,Control,1,2.5,20.7
6aU8HmLepMvxQdIQnswuEp,10769,The Spice Tailor,Control,1,3.85,20.7
6aU8HmLepMvxQdIQnswuEp,10762,Pataks,Control,1,3.25,20.7
6aU8HmLepMvxQdIQnswuEp,10744,Sharwoods,Control,1,2.5,20.7
6aU8HmLepMvxQdIQnswuEp,10771,Loyd Grossman,Control,1,3.0,20.7
0dsifZ3tJHTnVkp4rfEnY1,10792,Sharwoods,Experiment 2,1,2.8,8.2
0dsifZ3tJHTnVkp4rfEnY1,10742,Pataks,Experiment 2,1,2.4,8.2
0dsifZ3tJHTnVkp4rfEnY1,10780,Loyd Grossman,Experiment 2,1,3.0,8.2
14d5jB6PHHSHWktsxSGMWb,10758,Pataks,Control,1,3.25,25.3
14d5jB6PHHSHWktsxSGMWb,10782,Sharwoods,Control,1,2.8,25.3
14d5jB6PHHSHWktsxSGMWb,10748,The Spice Tailor,Control,2,7.7,25.3
14d5jB6PHHSHWktsxSGMWb,10769,The Spice Tailor,Control,2,7.7,25.3
14d5jB6PHHSHWktsxSGMWb,10749,The Spice Tailor,Control,1,3.85,25.3
3I6m1JRe8ukNsTHTgO0hAS,10748,The Spice Tailor,Experiment 1,2,7.7,7.7
5ze5IebrPO1Ld01glnuGJO,10781,Sharwoods,Experiment 1,1,2.8,2.8
0n5xPKyva1aHIDTWVvETPg,10777,Sharwoods,Experiment 1,1,2.5,4.5
0n5xPKyva1aHIDTWVvETPg,10787,Sharwoods,Experiment 1,1,2.0,4.5
7mVvl4KSLTKZ6GAKYJ8H4s,10778,Pataks,Control,1,1.85,4.25
7mVvl4KSLTKZ6GAKYJ8H4s,10756,Pataks,Control,1,2.4,4.25
6QJGAjyGdbFttMgJIeqeKy,10749,The Spice Tailor,Experiment 2,1,3.85,15.2
6QJGAjyGdbFttMgJIeqeKy,10779,The Spice Tailor,Experiment 2,1,3.85,15.2
6QJGAjyGdbFttMgJIeqeKy,10751,Sharwoods,Experiment 2,2,5.0,15.2
6QJGAjyGdbFttMgJIeqeKy,10745,Sharwoods,Experiment 2,1,2.5,15.2
5ypuO9pGYcFLeNNe617FGg,10736,Pataks,Control,1,2.4,2.4
2pf7HtOyBDM4xPOTMqwTUA,10736,Pataks,Control,1,2.4,4.8
2pf7HtOyBDM4xPOTMqwTUA,10752,Pataks,Control,1,2.4,4.8
0IBl7bFgELlJf90gGTikGM,10749,The Spice Tailor,Experiment 2,1,3.85,10.5
0IBl7bFgELlJf90gGTikGM,10791,Sharwoods,Experiment 2,1,2.8,10.5
0IBl7bFgELlJf90gGTikGM,10748,The Spice Tailor,Experiment 2,1,3.85,10.5
3NKaFoReM76sI1S8aHPYFs,10754,The Spice Tailor,Experiment 2,1,3.85,6.65
3NKaFoReM76sI1S8aHPYFs,10783,Sharwoods,Experiment 2,1,2.8,6.65
5K1ILl7FYWyhLSKaAOde47,10777,Sharwoods,Experiment 1,1,2.5,4.9
5K1ILl7FYWyhLSKaAOde47,10738,Pataks,Experiment 1,1,2.4,4.9
29368Q9bI0FCG34qN861xD,10770,Sharwoods,Experiment 2,1,2.5,2.5
3zFqaazAGSJWAvlUudY1zc,10738,Pataks,Experiment 1,1,2.4,2.4
3YWL735CJsacCckzUJFzRg,10768,The Spice Tailor,Experiment 2,1,3.85,16.15
3YWL735CJsacCckzUJFzRg,10755,Pataks,Experiment 2,1,3.25,16.15
3YWL735CJsacCckzUJFzRg,10742,Pataks,Experiment 2,1,2.4,16.15
3YWL735CJsacCckzUJFzRg,10784,Sharwoods,Experiment 2,1,2.8,16.15
3YWL735CJsacCckzUJFzRg,10747,The Spice Tailor,Experiment 2,1,3.85,16.15
3TFreUtJGQ3Lmsjp09sho8,10738,Pataks,Experiment 1,1,2.4,8.15
3TFreUtJGQ3Lmsjp09sho8,10746,Pataks,Experiment 1,1,3.25,8.15
3TFreUtJGQ3Lmsjp09sho8,10767,Sharwoods,Experiment 1,1,2.5,8.15
7E12ph0E6eVPFZwKGMKDwJ,10750,Pataks,Experiment 2,1,2.4,30.7
7E12ph0E6eVPFZwKGMKDwJ,10793,Sharwoods,Experiment 2,1,2.8,30.7
7E12ph0E6eVPFZwKGMKDwJ,10772,The Spice Tailor,Experiment 2,5,19.25,30.7
7E12ph0E6eVPFZwKGMKDwJ,10757,Pataks,Experiment 2,1,2.4,30.7
7E12ph0E6eVPFZwKGMKDwJ,10748,The Spice Tailor,Experiment 2,1,3.85,30.7
2ZsFdvN9NXu3P1NWGwUlfv,10740,Sharwoods,Control,2,5.0,5.0
2FmR5Izi7O9KP4zQH6uhvy,10777,Sharwoods,Experiment 2,1,2.5,5.3
2FmR5Izi7O9KP4zQH6uhvy,10792,Sharwoods,Experiment 2,1,2.8,5.3
3w6HlkCAOWOr1Qfzf57wU0,10769,The Spice Tailor,Experiment 2,2,7.7,14.35
3w6HlkCAOWOr1Qfzf57wU0,10747,The Spice Tailor,Experiment 2,1,3.85,14.35
3w6HlkCAOWOr1Qfzf57wU0,10781,Sharwoods,Experiment 2,1,2.8,14.35
6QmEfVxVF8LV7Ai4hxJ3hi,10757,Pataks,Experiment 2,1,2.4,7.2
6QmEfVxVF8LV7Ai4hxJ3hi,10750,Pataks,Experiment 2,2,4.8,7.2
5uPfJHKiiE0d9wXCSimjYY,10752,Pataks,Experiment 1,2,4.8,17.7
5uPfJHKiiE0d9wXCSimjYY,10746,Pataks,Experiment 1,2,6.5,17.7
5uPfJHKiiE0d9wXCSimjYY,10736,Pataks,Experiment 1,1,2.4,17.7
5uPfJHKiiE0d9wXCSimjYY,10786,Sharwoods,Experiment 1,2,4.0,17.7
6jzLxO2Nxz027usLqAye7K,10751,Sharwoods,Experiment 1,1,2.5,14.05
6jzLxO2Nxz027usLqAye7K,10772,The Spice Tailor,Experiment 1,1,3.85,14.05
6jzLxO2Nxz027usLqAye7K,10779,The Spice Tailor,Experiment 1,1,3.85,14.05
6jzLxO2Nxz027usLqAye7K,10754,The Spice Tailor,Experiment 1,1,3.85,14.05
53tskG10n2ahsEMv9weOkz,10778,Pataks,Control,1,1.85,1.85
08Oo3sL9XIOxR0I8zvrHWU,10753,Loyd Grossman,Control,4,12.0,12.0
5hZubZXpCL4Sq6HlChAVSn,10793,Sharwoods,Experiment 2,1,2.8,20.05
5hZubZXpCL4Sq6HlChAVSn,10761,Sharwoods,Experiment 2,1,2.5,20.05
5hZubZXpCL4Sq6HlChAVSn,10771,Loyd Grossman,Experiment 2,1,3.0,20.05
5hZubZXpCL4Sq6HlChAVSn,10777,Sharwoods,Experiment 2,1,2.5,20.05
5hZubZXpCL4Sq6HlChAVSn,10784,Sharwoods,Experiment 2,1,2.8,20.05
5hZubZXpCL4Sq6HlChAVSn,10749,The Spice Tailor,Experiment 2,1,3.85,20.05
5hZubZXpCL4Sq6HlChAVSn,10765,Bens Original,Experiment 2,1,2.6,20.05
2dXLj9NdxiZ2r40vQ1nP5A,10744,Sharwoods,Control,1,2.5,2.5
2W11pAibQQA33pVfWQYXg4,10751,Sharwoods,Control,1,2.5,8.5
2W11pAibQQA33pVfWQYXg4,10771,Loyd Grossman,Control,1,3.0,8.5
2W11pAibQQA33pVfWQYXg4,10780,Loyd Grossman,Control,1,3.0,8.5
7aPIeXTH0bcrCZmAuwb9wB,10748,The Spice Tailor,Control,1,3.85,6.65
7aPIeXTH0bcrCZmAuwb9wB,10781,Sharwoods,Control,1,2.8,6.65
1RqYQMqEwoojpXQf5crcqY,10749,The Spice Tailor,Control,1,3.85,12.0
1RqYQMqEwoojpXQf5crcqY,10742,Pataks,Control,1,2.4,12.0
1RqYQMqEwoojpXQf5crcqY,10755,Pataks,Control,1,3.25,12.0
1RqYQMqEwoojpXQf5crcqY,10739,Sharwoods,Control,1,2.5,12.0
0tIsl5dXppiRP04psRYIyO,10767,Sharwoods,Experiment 1,1,2.5,12.1
0tIsl5dXppiRP04psRYIyO,10776,Sharwoods,Experiment 1,1,2.5,12.1
0tIsl5dXppiRP04psRYIyO,10774,Pataks,Experiment 1,1,3.25,12.1
0tIsl5dXppiRP04psRYIyO,10772,The Spice Tailor,Experiment 1,1,3.85,12.1
4VCwqoCjq79XTfJQcCBoYx,10762,Pataks,Experiment 1,3,9.75,17.45
4VCwqoCjq79XTfJQcCBoYx,10781,Sharwoods,Experiment 1,1,2.8,17.45
4VCwqoCjq79XTfJQcCBoYx,10759,Sharwoods,Experiment 1,1,2.5,17.45
4VCwqoCjq79XTfJQcCBoYx,10743,Pataks,Experiment 1,1,2.4,17.45
33MvBv85PRZzYr8jMzjZj6,10780,Loyd Grossman,Control,1,3.0,12.55
33MvBv85PRZzYr8jMzjZj6,10738,Pataks,Control,1,2.4,12.55
33MvBv85PRZzYr8jMzjZj6,10777,Sharwoods,Control,1,2.5,12.55
33MvBv85PRZzYr8jMzjZj6,10778,Pataks,Control,1,1.85,12.55
33MvBv85PRZzYr8jMzjZj6,10784,Sharwoods,Control,1,2.8,12.55
1UtAo5o6kHZWhsozPOK3QE,10763,Pataks,Control,1,2.4,5.4
1UtAo5o6kHZWhsozPOK3QE,10753,Loyd Grossman,Control,1,3.0,5.4
6KOVNgRcPHAPsWxZ2MGEo3,10746,Pataks,Experiment 2,1,3.25,9.1
6KOVNgRcPHAPsWxZ2MGEo3,10755,Pataks,Experiment 2,1,3.25,9.1
6KOVNgRcPHAPsWxZ2MGEo3,10765,Bens Original,Experiment 2,1,2.6,9.1
6Tf09lcDypJv03ozymsUAV,10777,Sharwoods,Experiment 1,4,10.0,26.85
6Tf09lcDypJv03ozymsUAV,10768,The Spice Tailor,Experiment 1,1,7.7,26.85
6Tf09lcDypJv03ozymsUAV,10736,Pataks,Experiment 1,1,2.4,26.85
6Tf09lcDypJv03ozymsUAV,10760,Pataks,Experiment 1,1,1.85,26.85
6Tf09lcDypJv03ozymsUAV,10757,Pataks,Experiment 1,1,2.4,26.85
6Tf09lcDypJv03ozymsUAV,10739,Sharwoods,Experiment 1,1,2.5,26.85
6oAvcQrkUxCQlaqYmuRl2n,10763,Pataks,Experiment 1,1,2.4,6.25
6oAvcQrkUxCQlaqYmuRl2n,10772,The Spice Tailor,Experiment 1,1,3.85,6.25
5Vujyjr7dpeWNu1xyzm3aP,10781,Sharwoods,Experiment 1,1,2.8,14.15
5Vujyjr7dpeWNu1xyzm3aP,10766,Pataks,Experiment 1,1,1.85,14.15
5Vujyjr7dpeWNu1xyzm3aP,10776,Sharwoods,Experiment 1,1,2.5,14.15
5Vujyjr7dpeWNu1xyzm3aP,10786,Sharwoods,Experiment 1,1,2.0,14.15
5Vujyjr7dpeWNu1xyzm3aP,10765,Bens Original,Experiment 1,1,2.6,14.15
5Vujyjr7dpeWNu1xyzm3aP,10756,Pataks,Experiment 1,1,2.4,14.15
7zCpOUpOW0USzNTgUH1k8l,10749,The Spice Tailor,Control,1,3.85,6.85
7zCpOUpOW0USzNTgUH1k8l,10780,Loyd Grossman,Control,1,3.0,6.85
23c5akKGa5xKLndlnnGkil,10759,Sharwoods,Experiment 2,1,2.5,19.55
23c5akKGa5xKLndlnnGkil,10772,The Spice Tailor,Experiment 2,1,3.85,19.55
23c5akKGa5xKLndlnnGkil,10793,Sharwoods,Experiment 2,2,5.6,19.55
23c5akKGa5xKLndlnnGkil,10740,Sharwoods,Experiment 2,1,2.5,19.55
23c5akKGa5xKLndlnnGkil,10755,Pataks,Experiment 2,1,3.25,19.55
23c5akKGa5xKLndlnnGkil,10760,Pataks,Experiment 2,1,1.85,19.55
1xZtoxyO1rNNp04XPoYfF3,10779,The Spice Tailor,Experiment 1,2,7.7,7.7
0xot8279i8UDAp6TNMt2Ia,10751,Sharwoods,Experiment 1,1,2.5,5.0
0xot8279i8UDAp6TNMt2Ia,10776,Sharwoods,Experiment 1,1,2.5,5.0
3x6pLOM1u1cgc5xcQj6w2a,10744,Sharwoods,Experiment 1,1,2.5,7.9
3x6pLOM1u1cgc5xcQj6w2a,10743,Pataks,Experiment 1,1,2.4,7.9
3x6pLOM1u1cgc5xcQj6w2a,10771,Loyd Grossman,Experiment 1,1,3.0,7.9
4KfMDPaDKGKmg6ZY2c97uj,10748,The Spice Tailor,Experiment 1,1,3.85,14.5
4KfMDPaDKGKmg6ZY2c97uj,10789,Sharwoods,Experiment 1,1,2.0,14.5
4KfMDPaDKGKmg6ZY2c97uj,10786,Sharwoods,Experiment 1,1,2.0,14.5
4KfMDPaDKGKmg6ZY2c97uj,10781,Sharwoods,Experiment 1,1,2.8,14.5
4KfMDPaDKGKmg6ZY2c97uj,10773,The Spice Tailor,Experiment 1,1,3.85,14.5
1ZvS2vsZ15N6MJZZiPGfsm,10765,Bens Original,Experiment 1,1,2.6,18.8
1ZvS2vsZ15N6MJZZiPGfsm,10777,Sharwoods,Experiment 1,1,2.5,18.8
1ZvS2vsZ15N6MJZZiPGfsm,10778,Pataks,Experiment 1,1,1.85,18.8
1ZvS2vsZ15N6MJZZiPGfsm,10780,Loyd Grossman,Experiment 1,1,3.0,18.8
1ZvS2vsZ15N6MJZZiPGfsm,10769,The Spice Tailor,Experiment 1,1,3.85,18.8
1ZvS2vsZ15N6MJZZiPGfsm,10786,Sharwoods,Experiment 1,1,2.0,18.8
1ZvS2vsZ15N6MJZZiPGfsm,10771,Loyd Grossman,Experiment 1,1,3.0,18.8
6OUQPfRPP53BSG7fanagTS,10770,Sharwoods,Control,1,2.5,2.5
1rr9zCNexuZa0Qgkpdcny6,10739,Sharwoods,Experiment 1,1,2.5,2.5
4iWzwUeu69dsOJfefPiHEA,10742,Pataks,Control,1,2.4,9.8
4iWzwUeu69dsOJfefPiHEA,10777,Sharwoods,Control,1,2.5,9.8
4iWzwUeu69dsOJfefPiHEA,10752,Pataks,Control,1,2.4,9.8
4iWzwUeu69dsOJfefPiHEA,10761,Sharwoods,Control,1,2.5,9.8
3XsUipvWLUmiuHRkrAflss,10740,Sharwoods,Experiment 1,1,2.5,9.9
3XsUipvWLUmiuHRkrAflss,10742,Pataks,Experiment 1,1,2.4,9.9
3XsUipvWLUmiuHRkrAflss,10739,Sharwoods,Experiment 1,2,5.0,9.9
5Zwb37sGH1J8owHy2KkeGg,10778,Pataks,Control,1,1.85,1.85
0sAB0oMO3rfqercHqtP8eE,10782,Sharwoods,Experiment 1,1,2.8,14.8
0sAB0oMO3rfqercHqtP8eE,10755,Pataks,Experiment 1,1,3.25,14.8
0sAB0oMO3rfqercHqtP8eE,10761,Sharwoods,Experiment 1,1,2.5,14.8
0sAB0oMO3rfqercHqtP8eE,10747,The Spice Tailor,Experiment 1,1,3.85,14.8
0sAB0oMO3rfqercHqtP8eE,10756,Pataks,Experiment 1,1,2.4,14.8
2F28XhpJMs1icypXaPHvvW,10739,Sharwoods,Experiment 2,1,2.5,7.7
2F28XhpJMs1icypXaPHvvW,10781,Sharwoods,Experiment 2,1,2.8,7.7
2F28XhpJMs1icypXaPHvvW,10738,Pataks,Experiment 2,1,2.4,7.7
4ZY0H0pElKSTGEsGDNxQ35,10781,Sharwoods,Experiment 1,1,2.8,2.8
3WDB97CtLWqt1Y1vOlyo98,10760,Pataks,Control,1,1.85,4.65
3WDB97CtLWqt1Y1vOlyo98,10782,Sharwoods,Control,1,2.8,4.65
2IyRIqwPVwslShmZHo7tCT,10766,Pataks,Control,1,1.85,6.2
2IyRIqwPVwslShmZHo7tCT,10760,Pataks,Control,1,1.85,6.2
2IyRIqwPVwslShmZHo7tCT,10744,Sharwoods,Control,1,2.5,6.2
3ii4YnGl6jvyxrcRI2augP,10793,Sharwoods,Experiment 2,1,2.8,2.8
3So59CRzTE6J49NKrUqdFq,10743,Pataks,Experiment 2,8,19.2,25.7
3So59CRzTE6J49NKrUqdFq,10762,Pataks,Experiment 2,1,6.5,25.7
6QOh5YgbAYwBEeac7RUHg5,10771,Loyd Grossman,Control,2,6.0,20.6
6QOh5YgbAYwBEeac7RUHg5,10759,Sharwoods,Control,1,2.5,20.6
6QOh5YgbAYwBEeac7RUHg5,10739,Sharwoods,Control,1,2.5,20.6
6QOh5YgbAYwBEeac7RUHg5,10754,The Spice Tailor,Control,1,3.85,20.6
6QOh5YgbAYwBEeac7RUHg5,10767,Sharwoods,Control,1,2.5,20.6
6QOh5YgbAYwBEeac7RUHg5,10755,Pataks,Control,1,3.25,20.6
4vGCpfPFjqkiCE6DRh26xe,10789,Sharwoods,Experiment 1,1,2.0,4.5
4vGCpfPFjqkiCE6DRh26xe,10740,Sharwoods,Experiment 1,1,2.5,4.5
76Yumuup0tS2WpcyMeXHmr,10751,Sharwoods,Experiment 2,1,2.5,9.85
76Yumuup0tS2WpcyMeXHmr,10764,Pataks,Experiment 2,1,3.0,9.85
76Yumuup0tS2WpcyMeXHmr,10740,Sharwoods,Experiment 2,1,2.5,9.85
76Yumuup0tS2WpcyMeXHmr,10760,Pataks,Experiment 2,1,1.85,9.85
53CnILhVZ7ZCv2DFG5iTRz,10784,Sharwoods,Experiment 2,1,2.8,7.9
53CnILhVZ7ZCv2DFG5iTRz,10744,Sharwoods,Experiment 2,1,2.5,7.9
53CnILhVZ7ZCv2DFG5iTRz,10765,Bens Original,Experiment 2,1,2.6,7.9
2vnNh5NevNxwjpN1VbPpzq,10769,The Spice Tailor,Experiment 2,1,3.85,11.35
2vnNh5NevNxwjpN1VbPpzq,10763,Pataks,Experiment 2,1,2.4,11.35
2vnNh5NevNxwjpN1VbPpzq,10755,Pataks,Experiment 2,1,3.25,11.35
2vnNh5NevNxwjpN1VbPpzq,10760,Pataks,Experiment 2,1,1.85,11.35
6Rsv3Ehi5HtVq9K0eFIW6i,10748,The Spice Tailor,Experiment 1,1,3.85,3.85
5Dzn5WOjA2KeBAnbQx99TB,10753,Loyd Grossman,Control,1,3.0,3.0
0sFID3a2rsibsvwkJDnjWw,10765,Bens Original,Control,1,2.6,5.0
0sFID3a2rsibsvwkJDnjWw,10738,Pataks,Control,1,2.4,5.0
2uBw2y0IDzVpjEyzz5KiyN,10758,Pataks,Experiment 2,1,3.25,20.6
2uBw2y0IDzVpjEyzz5KiyN,10760,Pataks,Experiment 2,1,1.85,20.6
2uBw2y0IDzVpjEyzz5KiyN,10792,Sharwoods,Experiment 2,1,2.8,20.6
2uBw2y0IDzVpjEyzz5KiyN,10777,Sharwoods,Experiment 2,1,2.5,20.6
2uBw2y0IDzVpjEyzz5KiyN,10757,Pataks,Experiment 2,1,2.4,20.6
2uBw2y0IDzVpjEyzz5KiyN,10763,Pataks,Experiment 2,1,2.4,20.6
2uBw2y0IDzVpjEyzz5KiyN,10753,Loyd Grossman,Experiment 2,1,3.0,20.6
2uBw2y0IDzVpjEyzz5KiyN,10736,Pataks,Experiment 2,1,2.4,20.6
346qWIaKi8zN15OT7nUPar,10777,Sharwoods,Control,2,5.0,7.5
346qWIaKi8zN15OT7nUPar,10745,Sharwoods,Control,1,2.5,7.5
6F8tn1l4TwdAlPyZg0DATR,10744,Sharwoods,Experiment 1,1,2.5,2.5
1ywQehi5ACNhYdH9mARjWw,10749,The Spice Tailor,Control,1,3.85,6.25
1ywQehi5ACNhYdH9mARjWw,10736,Pataks,Control,1,2.4,6.25
2ZWbwVpDruBrERAQsgvYJQ,10736,Pataks,Control,2,4.8,21.6
2ZWbwVpDruBrERAQsgvYJQ,10738,Pataks,Control,7,16.8,21.6
67qfb9NsQioCbXY8iFHl37,10736,Pataks,Control,2,4.8,4.8
1nglS3wBkqcMxJFxLlbZ9h,10780,Loyd Grossman,Experiment 2,1,3.0,3.0
5PekLlo3R50UH7mC7t6crr,10742,Pataks,Experiment 2,1,2.4,2.4
0YxlrpJtsBwQ6IB5MC1LDF,10783,Sharwoods,Control,1,2.8,8.55
0YxlrpJtsBwQ6IB5MC1LDF,10762,Pataks,Control,1,3.25,8.55
0YxlrpJtsBwQ6IB5MC1LDF,10767,Sharwoods,Control,1,2.5,8.55
78MypuCZK1xaf2zrTEsiqT,10778,Pataks,Experiment 1,1,1.85,16.3
78MypuCZK1xaf2zrTEsiqT,10776,Sharwoods,Experiment 1,1,2.5,16.3
78MypuCZK1xaf2zrTEsiqT,10744,Sharwoods,Experiment 1,1,2.5,16.3
78MypuCZK1xaf2zrTEsiqT,10739,Sharwoods,Experiment 1,1,2.5,16.3
78MypuCZK1xaf2zrTEsiqT,10777,Sharwoods,Experiment 1,1,2.5,16.3
78MypuCZK1xaf2zrTEsiqT,10766,Pataks,Experiment 1,1,1.85,16.3
78MypuCZK1xaf2zrTEsiqT,10765,Bens Original,Experiment 1,1,2.6,16.3
2uHEfF5IqcZp6lYuyJo7Tv,10770,Sharwoods,Control,1,2.5,15.95
2uHEfF5IqcZp6lYuyJo7Tv,10767,Sharwoods,Control,1,2.5,15.95
2uHEfF5IqcZp6lYuyJo7Tv,10747,The Spice Tailor,Control,1,3.85,15.95
2uHEfF5IqcZp6lYuyJo7Tv,10746,Pataks,Control,1,3.25,15.95
2uHEfF5IqcZp6lYuyJo7Tv,10772,The Spice Tailor,Control,1,3.85,15.95
0JQ7Lycb7xQYNwoqKx4F78,10760,Pataks,Control,1,1.85,12.2
0JQ7Lycb7xQYNwoqKx4F78,10755,Pataks,Control,1,3.25,12.2
0JQ7Lycb7xQYNwoqKx4F78,10772,The Spice Tailor,Control,1,3.85,12.2
0JQ7Lycb7xQYNwoqKx4F78,10774,Pataks,Control,1,3.25,12.2
4JLhti9ZinkJFWIMDIO32A,10777,Sharwoods,Experiment 1,2,5.0,5.0
0vhGwINaTHlm0Uz9Vi4GMB,10738,Pataks,Experiment 1,1,2.4,4.9
0vhGwINaTHlm0Uz9Vi4GMB,10751,Sharwoods,Experiment 1,1,2.5,4.9
5Yx00l8GbojdkzWkqotBQN,10779,The Spice Tailor,Control,1,3.85,16.2
5Yx00l8GbojdkzWkqotBQN,10773,The Spice Tailor,Control,1,3.85,16.2
5Yx00l8GbojdkzWkqotBQN,10749,The Spice Tailor,Control,1,3.85,16.2
5Yx00l8GbojdkzWkqotBQN,10782,Sharwoods,Control,1,2.8,16.2
5Yx00l8GbojdkzWkqotBQN,10778,Pataks,Control,1,1.85,16.2
7K4P1JBxdi5JotoFvs4oMC,10750,Pataks,Experiment 2,1,2.4,13.3
7K4P1JBxdi5JotoFvs4oMC,10790,Sharwoods,Experiment 2,1,2.8,13.3
7K4P1JBxdi5JotoFvs4oMC,10765,Bens Original,Experiment 2,1,2.6,13.3
7K4P1JBxdi5JotoFvs4oMC,10753,Loyd Grossman,Experiment 2,1,3.0,13.3
7K4P1JBxdi5JotoFvs4oMC,10739,Sharwoods,Experiment 2,1,2.5,13.3
6qiiQnbDkhrpQNYeXoqA7r,10766,Pataks,Experiment 2,1,1.85,1.85
2cITGEEMNM8R4eGCnstrgT,10753,Loyd Grossman,Control,1,3.0,18.95
2cITGEEMNM8R4eGCnstrgT,10769,The Spice Tailor,Control,1,3.85,18.95
2cITGEEMNM8R4eGCnstrgT,10759,Sharwoods,Control,1,2.5,18.95
2cITGEEMNM8R4eGCnstrgT,10767,Sharwoods,Control,1,2.5,18.95
2cITGEEMNM8R4eGCnstrgT,10768,The Spice Tailor,Control,1,3.85,18.95
2cITGEEMNM8R4eGCnstrgT,10762,Pataks,Control,1,3.25,18.95
3CkclShbUUi8GTuYTQpYBL,10768,The Spice Tailor,Experiment 2,1,3.85,7.7
3CkclShbUUi8GTuYTQpYBL,10773,The Spice Tailor,Experiment 2,1,3.85,7.7
2QY1OQIxIXoRTpT5qPfsX8,10776,Sharwoods,Experiment 1,1,2.5,14.4
2QY1OQIxIXoRTpT5qPfsX8,10761,Sharwoods,Experiment 1,1,2.5,14.4
2QY1OQIxIXoRTpT5qPfsX8,10752,Pataks,Experiment 1,2,4.8,14.4
2QY1OQIxIXoRTpT5qPfsX8,10765,Bens Original,Experiment 1,1,2.6,14.4
2QY1OQIxIXoRTpT5qPfsX8,10786,Sharwoods,Experiment 1,1,2.0,14.4
7ANWdfqlWdAKA4NQCMvKD5,10784,Sharwoods,Control,1,2.8,7.9
7ANWdfqlWdAKA4NQCMvKD5,10755,Pataks,Control,1,3.25,7.9
7ANWdfqlWdAKA4NQCMvKD5,10766,Pataks,Control,1,1.85,7.9
5bgVQOGXDwopIj4rkub74c,10783,Sharwoods,Control,1,2.8,19.45
5bgVQOGXDwopIj4rkub74c,10748,The Spice Tailor,Control,1,3.85,19.45
5bgVQOGXDwopIj4rkub74c,10752,Pataks,Control,1,2.4,19.45
5bgVQOGXDwopIj4rkub74c,10777,Sharwoods,Control,1,2.5,19.45
5bgVQOGXDwopIj4rkub74c,10738,Pataks,Control,1,2.4,19.45
5bgVQOGXDwopIj4rkub74c,10759,Sharwoods,Control,1,2.5,19.45
5bgVQOGXDwopIj4rkub74c,10764,Pataks,Control,1,3.0,19.45
4x0tkqUJ78wG5fLyhP0GOM,10777,Sharwoods,Control,1,2.5,12.6
4x0tkqUJ78wG5fLyhP0GOM,10770,Sharwoods,Control,1,2.5,12.6
4x0tkqUJ78wG5fLyhP0GOM,10745,Sharwoods,Control,1,2.5,12.6
4x0tkqUJ78wG5fLyhP0GOM,10751,Sharwoods,Control,1,2.5,12.6
4x0tkqUJ78wG5fLyhP0GOM,10765,Bens Original,Control,1,2.6,12.6
17SJbN6jZyQHQt8dy4djIL,10739,Sharwoods,Experiment 1,1,2.5,9.7
17SJbN6jZyQHQt8dy4djIL,10752,Pataks,Experiment 1,1,2.4,9.7
17SJbN6jZyQHQt8dy4djIL,10757,Pataks,Experiment 1,1,2.4,9.7
17SJbN6jZyQHQt8dy4djIL,10736,Pataks,Experiment 1,1,2.4,9.7
1gHwR2Fz9ettZM4FpH0g8A,10778,Pataks,Control,1,1.85,9.2
1gHwR2Fz9ettZM4FpH0g8A,10770,Sharwoods,Control,1,2.5,9.2
1gHwR2Fz9ettZM4FpH0g8A,10764,Pataks,Control,1,3.0,9.2
1gHwR2Fz9ettZM4FpH0g8A,10760,Pataks,Control,1,1.85,9.2
6IVqIzPWyQAiUQbcRPkMC6,10748,The Spice Tailor,Control,1,3.85,7.7
6IVqIzPWyQAiUQbcRPkMC6,10747,The Spice Tailor,Control,1,3.85,7.7
1JNYmHxIjYE06KUFykoOfq,10742,Pataks,Experiment 2,1,2.4,9.9
1JNYmHxIjYE06KUFykoOfq,10765,Bens Original,Experiment 2,1,2.6,9.9
1JNYmHxIjYE06KUFykoOfq,10740,Sharwoods,Experiment 2,1,2.5,9.9
1JNYmHxIjYE06KUFykoOfq,10736,Pataks,Experiment 2,1,2.4,9.9
0E66JOoBjC0LuYTNorJ4lA,10743,Pataks,Control,1,2.4,25.85
0E66JOoBjC0LuYTNorJ4lA,10756,Pataks,Control,1,2.4,25.85
0E66JOoBjC0LuYTNorJ4lA,10781,Sharwoods,Control,4,11.2,25.85
0E66JOoBjC0LuYTNorJ4lA,10753,Loyd Grossman,Control,1,3.0,25.85
0E66JOoBjC0LuYTNorJ4lA,10769,The Spice Tailor,Control,1,3.85,25.85
0E66JOoBjC0LuYTNorJ4lA,10780,Loyd Grossman,Control,1,3.0,25.85
3r4DpMj33IFLBmxB5JNSfy,10738,Pataks,Experiment 2,1,2.4,9.5
3r4DpMj33IFLBmxB5JNSfy,10747,The Spice Tailor,Experiment 2,1,3.85,9.5
3r4DpMj33IFLBmxB5JNSfy,10755,Pataks,Experiment 2,1,3.25,9.5
5AXRHoDa0xaZNncA6BBn3Y,10752,Pataks,Experiment 2,1,2.4,2.4
5ResymALmH66JpmKTpevV9,10780,Loyd Grossman,Experiment 2,1,3.0,10.55
5ResymALmH66JpmKTpevV9,10769,The Spice Tailor,Experiment 2,1,3.85,10.55
5ResymALmH66JpmKTpevV9,10766,Pataks,Experiment 2,1,1.85,10.55
5ResymALmH66JpmKTpevV9,10778,Pataks,Experiment 2,1,1.85,10.55
1OgGwdC6nTtoKhLbMfCwY5,10755,Pataks,Experiment 1,1,3.25,3.25
0e8per5L5MIpOoUp6rbNTP,10743,Pataks,Control,1,2.4,7.7
0e8per5L5MIpOoUp6rbNTP,10770,Sharwoods,Control,1,2.5,7.7
0e8per5L5MIpOoUp6rbNTP,10782,Sharwoods,Control,1,2.8,7.7
6jCsgnRrkT06rpk8IzfMOt,10781,Sharwoods,Experiment 2,2,5.6,8.1
6jCsgnRrkT06rpk8IzfMOt,10739,Sharwoods,Experiment 2,1,2.5,8.1
1B5INMb3Lz4gkt8dEeW7LO,10752,Pataks,Experiment 1,1,2.4,10.2
1B5INMb3Lz4gkt8dEeW7LO,10738,Pataks,Experiment 1,1,2.4,10.2
1B5INMb3Lz4gkt8dEeW7LO,10753,Loyd Grossman,Experiment 1,1,3.0,10.2
1B5INMb3Lz4gkt8dEeW7LO,10736,Pataks,Experiment 1,1,2.4,10.2
0qmqNWHuV1d6clBqO9790c,10754,The Spice Tailor,Experiment 2,2,7.7,23.1
0qmqNWHuV1d6clBqO9790c,10749,The Spice Tailor,Experiment 2,1,3.85,23.1
0qmqNWHuV1d6clBqO9790c,10773,The Spice Tailor,Experiment 2,1,3.85,23.1
0qmqNWHuV1d6clBqO9790c,10747,The Spice Tailor,Experiment 2,1,3.85,23.1
0qmqNWHuV1d6clBqO9790c,10768,The Spice Tailor,Experiment 2,1,3.85,23.1
1XTkoG4fNQ4hiZgdZNwDLI,10777,Sharwoods,Control,2,5.0,11.0
1XTkoG4fNQ4hiZgdZNwDLI,10771,Loyd Grossman,Control,1,3.0,11.0
1XTkoG4fNQ4hiZgdZNwDLI,10780,Loyd Grossman,Control,1,3.0,11.0
2fm3DAdwAdQNfnJibBRgZX,10736,Pataks,Control,2,4.8,9.7
2fm3DAdwAdQNfnJibBRgZX,10742,Pataks,Control,1,2.4,9.7
2fm3DAdwAdQNfnJibBRgZX,10777,Sharwoods,Control,1,2.5,9.7
6wv5ioj2ijqkTJ60t2WgDN,10774,Pataks,Experiment 2,1,3.25,10.95
6wv5ioj2ijqkTJ60t2WgDN,10749,The Spice Tailor,Experiment 2,1,3.85,10.95
6wv5ioj2ijqkTJ60t2WgDN,10748,The Spice Tailor,Experiment 2,1,3.85,10.95
4rHFnCLxSTz4Ev3PK629LF,10751,Sharwoods,Experiment 2,1,2.5,9.8
4rHFnCLxSTz4Ev3PK629LF,10763,Pataks,Experiment 2,1,2.4,9.8
4rHFnCLxSTz4Ev3PK629LF,10750,Pataks,Experiment 2,1,2.4,9.8
4rHFnCLxSTz4Ev3PK629LF,10776,Sharwoods,Experiment 2,1,2.5,9.8
5w9x9cO6VDxpmS5nE1Jg90,10765,Bens Original,Experiment 1,1,2.6,2.6
2DLdYih8yOyqdpyJnVCUjI,10776,Sharwoods,Experiment 1,1,2.5,2.5
3ksdBG4Z3GfO5iXuSRIKgz,10747,The Spice Tailor,Experiment 2,1,3.85,6.25
3ksdBG4Z3GfO5iXuSRIKgz,10736,Pataks,Experiment 2,1,2.4,6.25
7vBfknSLXLKYwUcxBuN9if,10765,Bens Original,Experiment 2,2,5.2,15.9
7vBfknSLXLKYwUcxBuN9if,10769,The Spice Tailor,Experiment 2,1,3.85,15.9
7vBfknSLXLKYwUcxBuN9if,10749,The Spice Tailor,Experiment 2,1,3.85,15.9
7vBfknSLXLKYwUcxBuN9if,10780,Loyd Grossman,Experiment 2,1,3.0,15.9
5tUbekm3c63ismBlBtRTic,10771,Loyd Grossman,Experiment 1,2,6.0,8.6
5tUbekm3c63ismBlBtRTic,10765,Bens Original,Experiment 1,1,2.6,8.6
7o7o2eLkn1n6VZArfe3j0o,10747,The Spice Tailor,Experiment 2,1,3.85,7.7
7o7o2eLkn1n6VZArfe3j0o,10768,The Spice Tailor,Experiment 2,1,3.85,7.7
6wgI6Iv8D9If1A3HNNrULl,10751,Sharwoods,Control,1,2.5,4.9
6wgI6Iv8D9If1A3HNNrULl,10738,Pataks,Control,1,2.4,4.9
6mo1A2BpX8KDUjBmkm26qt,10752,Pataks,Experiment 2,1,2.4,8.15
6mo1A2BpX8KDUjBmkm26qt,10740,Sharwoods,Experiment 2,1,2.5,8.15
6mo1A2BpX8KDUjBmkm26qt,10746,Pataks,Experiment 2,1,3.25,8.15
2UBdq4mLZHTTqGOtXSoS6H,10736,Pataks,Experiment 1,1,2.4,2.4
3i0p6NH1pdIiEDME8tKstm,10744,Sharwoods,Experiment 1,1,2.5,8.0
3i0p6NH1pdIiEDME8tKstm,10770,Sharwoods,Experiment 1,1,2.5,8.0
3i0p6NH1pdIiEDME8tKstm,10771,Loyd Grossman,Experiment 1,1,3.0,8.0
0tyEiV27zEw6esUp65xDwf,10750,Pataks,Experiment 2,1,2.4,4.8
0tyEiV27zEw6esUp65xDwf,10763,Pataks,Experiment 2,1,2.4,4.8
6qavc7ADtIdq37H3sopkdD,10743,Pataks,Control,1,2.4,12.7
6qavc7ADtIdq37H3sopkdD,10740,Sharwoods,Control,1,2.5,12.7
6qavc7ADtIdq37H3sopkdD,10736,Pataks,Control,1,2.4,12.7
6qavc7ADtIdq37H3sopkdD,10757,Pataks,Control,1,2.4,12.7
6qavc7ADtIdq37H3sopkdD,10753,Loyd Grossman,Control,1,3.0,12.7
0S6d99FQi0uMfQAzBetRzM,10784,Sharwoods,Control,1,2.8,2.8
4vPHe5Rta5uWRduvRaFycd,10754,The Spice Tailor,Experiment 2,1,3.85,20.15
4vPHe5Rta5uWRduvRaFycd,10764,Pataks,Experiment 2,1,3.0,20.15
4vPHe5Rta5uWRduvRaFycd,10772,The Spice Tailor,Experiment 2,1,3.85,20.15
4vPHe5Rta5uWRduvRaFycd,10793,Sharwoods,Experiment 2,1,2.8,20.15
4vPHe5Rta5uWRduvRaFycd,10749,The Spice Tailor,Experiment 2,1,3.85,20.15
4vPHe5Rta5uWRduvRaFycd,10784,Sharwoods,Experiment 2,1,2.8,20.15
3IU6oPr6Do0zX31ARZReMK,10764,Pataks,Experiment 2,1,3.0,3.0
1XvDE3wyFg4YPCEjJmuGvx,10744,Sharwoods,Experiment 2,1,2.5,17.45
1XvDE3wyFg4YPCEjJmuGvx,10792,Sharwoods,Experiment 2,1,2.8,17.45
1XvDE3wyFg4YPCEjJmuGvx,10780,Loyd Grossman,Experiment 2,1,3.0,17.45
1XvDE3wyFg4YPCEjJmuGvx,10747,The Spice Tailor,Experiment 2,1,3.85,17.45
1XvDE3wyFg4YPCEjJmuGvx,10793,Sharwoods,Experiment 2,1,2.8,17.45
1XvDE3wyFg4YPCEjJmuGvx,10761,Sharwoods,Experiment 2,1,2.5,17.45
3JtiRFxf63dPloOCgpEC1l,10758,Pataks,Control,1,3.25,3.25
2jtr6rWOsjcYjLghfVt6OR,10760,Pataks,Control,1,1.85,8.1
2jtr6rWOsjcYjLghfVt6OR,10762,Pataks,Control,1,3.25,8.1
2jtr6rWOsjcYjLghfVt6OR,10780,Loyd Grossman,Control,1,3.0,8.1
5j5nBcb71sFnOOACnU35wS,10748,The Spice Tailor,Control,1,3.85,7.7
5j5nBcb71sFnOOACnU35wS,10747,The Spice Tailor,Control,1,3.85,7.7
3Tqg6Hg7FFtIpuaY2yzcyc,10743,Pataks,Experiment 1,1,2.4,4.8
3Tqg6Hg7FFtIpuaY2yzcyc,10752,Pataks,Experiment 1,1,2.4,4.8
4nB2nG5NQaFKYdAAqvielo,10774,Pataks,Control,1,3.25,5.75
4nB2nG5NQaFKYdAAqvielo,10739,Sharwoods,Control,1,2.5,5.75
1BQgZ9OjGY8LJxXcEvBGTe,10755,Pataks,Experiment 1,1,3.25,21.7
1BQgZ9OjGY8LJxXcEvBGTe,10749,The Spice Tailor,Experiment 1,1,3.85,21.7
1BQgZ9OjGY8LJxXcEvBGTe,10787,Sharwoods,Experiment 1,1,2.0,21.7
1BQgZ9OjGY8LJxXcEvBGTe,10773,The Spice Tailor,Experiment 1,1,3.85,21.7
1BQgZ9OjGY8LJxXcEvBGTe,10746,Pataks,Experiment 1,1,3.25,21.7
1BQgZ9OjGY8LJxXcEvBGTe,10761,Sharwoods,Experiment 1,1,2.5,21.7
1BQgZ9OjGY8LJxXcEvBGTe,10780,Loyd Grossman,Experiment 1,1,3.0,21.7
67qlk85umQAbKcsZnu5fsb,10740,Sharwoods,Experiment 1,1,2.5,10.6
67qlk85umQAbKcsZnu5fsb,10781,Sharwoods,Experiment 1,1,2.8,10.6
67qlk85umQAbKcsZnu5fsb,10783,Sharwoods,Experiment 1,1,2.8,10.6
67qlk85umQAbKcsZnu5fsb,10770,Sharwoods,Experiment 1,1,2.5,10.6
4SwiWo9yeYvGUhE9SFSzuK,10761,Sharwoods,Control,1,2.5,5.0
4SwiWo9yeYvGUhE9SFSzuK,10745,Sharwoods,Control,1,2.5,5.0
6g2CkoyrDJEcMGBVOlWWom,10739,Sharwoods,Control,1,2.5,5.0
6g2CkoyrDJEcMGBVOlWWom,10745,Sharwoods,Control,1,2.5,5.0
1LjxfVHBWJqlLtaiGxZGRj,10738,Pataks,Experiment 2,1,2.4,23.9
1LjxfVHBWJqlLtaiGxZGRj,10782,Sharwoods,Experiment 2,1,2.8,23.9
1LjxfVHBWJqlLtaiGxZGRj,10748,The Spice Tailor,Experiment 2,1,3.85,23.9
1LjxfVHBWJqlLtaiGxZGRj,10764,Pataks,Experiment 2,1,3.0,23.9
1LjxfVHBWJqlLtaiGxZGRj,10792,Sharwoods,Experiment 2,1,2.8,23.9
1LjxfVHBWJqlLtaiGxZGRj,10750,Pataks,Experiment 2,1,2.4,23.9
1LjxfVHBWJqlLtaiGxZGRj,10769,The Spice Tailor,Experiment 2,1,3.85,23.9
1LjxfVHBWJqlLtaiGxZGRj,10793,Sharwoods,Experiment 2,1,2.8,23.9
66kBI79Tegm7L6EaVXHftM,10769,The Spice Tailor,Experiment 1,1,3.85,12.1
66kBI79Tegm7L6EaVXHftM,10756,Pataks,Experiment 1,1,2.4,12.1
66kBI79Tegm7L6EaVXHftM,10789,Sharwoods,Experiment 1,1,2.0,12.1
66kBI79Tegm7L6EaVXHftM,10748,The Spice Tailor,Experiment 1,1,3.85,12.1
2O21bZPdAZEsPRRJKnQpXL,10750,Pataks,Experiment 1,1,2.4,12.2
2O21bZPdAZEsPRRJKnQpXL,10777,Sharwoods,Experiment 1,1,2.5,12.2
2O21bZPdAZEsPRRJKnQpXL,10751,Sharwoods,Experiment 1,1,2.5,12.2
2O21bZPdAZEsPRRJKnQpXL,10752,Pataks,Experiment 1,1,2.4,12.2
2O21bZPdAZEsPRRJKnQpXL,10763,Pataks,Experiment 1,1,2.4,12.2
1EmU8vjjywuWyKjPMJj0wG,10761,Sharwoods,Control,1,2.5,5.5
1EmU8vjjywuWyKjPMJj0wG,10764,Pataks,Control,1,3.0,5.5
5L9eyRVsgwT2tjxmOBHgXR,10761,Sharwoods,Experiment 2,1,2.5,6.35
5L9eyRVsgwT2tjxmOBHgXR,10748,The Spice Tailor,Experiment 2,1,3.85,6.35
1uihipWrRUgdKn5x4AMVMp,10782,Sharwoods,Control,1,2.8,6.65
1uihipWrRUgdKn5x4AMVMp,10768,The Spice Tailor,Control,1,3.85,6.65
0jtvXzc4mste6G6e2v3kUG,10777,Sharwoods,Experiment 1,1,2.5,5.5
0jtvXzc4mste6G6e2v3kUG,10753,Loyd Grossman,Experiment 1,1,3.0,5.5
5V4bWEtBpWanJ7j3BCQ9Gf,10745,Sharwoods,Control,1,2.5,15.0
5V4bWEtBpWanJ7j3BCQ9Gf,10744,Sharwoods,Control,1,2.5,15.0
5V4bWEtBpWanJ7j3BCQ9Gf,10777,Sharwoods,Control,1,2.5,15.0
5V4bWEtBpWanJ7j3BCQ9Gf,10761,Sharwoods,Control,1,2.5,15.0
5V4bWEtBpWanJ7j3BCQ9Gf,10736,Pataks,Control,1,2.4,15.0
5V4bWEtBpWanJ7j3BCQ9Gf,10765,Bens Original,Control,1,2.6,15.0
1n5ZJ8CEsIjxhN8dJVHCtr,10743,Pataks,Experiment 1,3,7.2,28.65
1n5ZJ8CEsIjxhN8dJVHCtr,10788,Sharwoods,Experiment 1,1,2.0,28.65
1n5ZJ8CEsIjxhN8dJVHCtr,10787,Sharwoods,Experiment 1,2,4.0,28.65
1n5ZJ8CEsIjxhN8dJVHCtr,10766,Pataks,Experiment 1,1,1.85,28.65
1n5ZJ8CEsIjxhN8dJVHCtr,10762,Pataks,Experiment 1,3,9.75,28.65
1n5ZJ8CEsIjxhN8dJVHCtr,10772,The Spice Tailor,Experiment 1,1,3.85,28.65
42Y0jqoMlEfeSpkY80bnND,10743,Pataks,Experiment 1,1,2.4,2.4
6zB6Dw0sx0WdZrMN9j8DxY,10767,Sharwoods,Experiment 2,1,2.5,7.8
6zB6Dw0sx0WdZrMN9j8DxY,10740,Sharwoods,Experiment 2,1,2.5,7.8
6zB6Dw0sx0WdZrMN9j8DxY,10792,Sharwoods,Experiment 2,1,2.8,7.8
5B2OI6BaXBg6iBu66UA32T,10740,Sharwoods,Experiment 2,1,2.5,5.1
5B2OI6BaXBg6iBu66UA32T,10765,Bens Original,Experiment 2,1,2.6,5.1
1w03kHs14dJeqcgX9hYCKt,10777,Sharwoods,Experiment 1,1,2.5,8.0
1w03kHs14dJeqcgX9hYCKt,10770,Sharwoods,Experiment 1,1,2.5,8.0
1w03kHs14dJeqcgX9hYCKt,10764,Pataks,Experiment 1,1,3.0,8.0
2ysCn4yi8z0gyZwyAh4OMH,10773,The Spice Tailor,Control,1,3.85,6.35
2ysCn4yi8z0gyZwyAh4OMH,10767,Sharwoods,Control,1,2.5,6.35
1ciU2KHL336TYUXGw8GWf5,10763,Pataks,Experiment 2,1,2.4,4.8
1ciU2KHL336TYUXGw8GWf5,10756,Pataks,Experiment 2,1,2.4,4.8
1Ygfu4GUCz8p1DbOnEEV0r,10753,Loyd Grossman,Experiment 1,1,3.0,25.4
1Ygfu4GUCz8p1DbOnEEV0r,10749,The Spice Tailor,Experiment 1,1,3.85,25.4
1Ygfu4GUCz8p1DbOnEEV0r,10778,Pataks,Experiment 1,2,3.7,25.4
1Ygfu4GUCz8p1DbOnEEV0r,10751,Sharwoods,Experiment 1,1,2.5,25.4
1Ygfu4GUCz8p1DbOnEEV0r,10768,The Spice Tailor,Experiment 1,2,7.7,25.4
1Ygfu4GUCz8p1DbOnEEV0r,10760,Pataks,Experiment 1,1,1.85,25.4
1Ygfu4GUCz8p1DbOnEEV0r,10781,Sharwoods,Experiment 1,1,2.8,25.4
0JsiYkPQY4decMyBwCXqHy,10759,Sharwoods,Experiment 2,1,2.5,7.6
0JsiYkPQY4decMyBwCXqHy,10746,Pataks,Experiment 2,1,3.25,7.6
0JsiYkPQY4decMyBwCXqHy,10778,Pataks,Experiment 2,1,1.85,7.6
14ZB8ga9bsAQHRFD6g1dXk,10739,Sharwoods,Experiment 2,1,2.5,2.5
5VTExn4NTUEz1MDhOA2gHI,10792,Sharwoods,Experiment 2,1,2.8,8.65
5VTExn4NTUEz1MDhOA2gHI,10762,Pataks,Experiment 2,1,3.25,8.65
5VTExn4NTUEz1MDhOA2gHI,10765,Bens Original,Experiment 2,1,2.6,8.65
5UE1ICllA6iD993kQIrs0b,10756,Pataks,Control,1,2.4,6.25
5UE1ICllA6iD993kQIrs0b,10779,The Spice Tailor,Control,1,3.85,6.25
2NZBsPcCWDvT7Ladf794H2,10758,Pataks,Experiment 1,2,6.5,9.1
2NZBsPcCWDvT7Ladf794H2,10765,Bens Original,Experiment 1,1,2.6,9.1
1Z9zezSM5jK6kGtMWhWOGg,10774,Pataks,Control,1,3.25,3.25
7GA1bYuq7CUCR5rtaNrJhv,10780,Loyd Grossman,Experiment 2,1,3.0,3.0
7yQNkewGKDrisr2KuKUbKY,10745,Sharwoods,Experiment 2,1,2.5,21.45
7yQNkewGKDrisr2KuKUbKY,10779,The Spice Tailor,Experiment 2,1,3.85,21.45
7yQNkewGKDrisr2KuKUbKY,10773,The Spice Tailor,Experiment 2,1,3.85,21.45
7yQNkewGKDrisr2KuKUbKY,10790,Sharwoods,Experiment 2,1,2.8,21.45
7yQNkewGKDrisr2KuKUbKY,10784,Sharwoods,Experiment 2,1,2.8,21.45
7yQNkewGKDrisr2KuKUbKY,10752,Pataks,Experiment 2,1,2.4,21.45
7yQNkewGKDrisr2KuKUbKY,10774,Pataks,Experiment 2,1,3.25,21.45
1YAHolWOtKet4dCEHUVYHn,10772,The Spice Tailor,Experiment 1,1,3.85,13.45
1YAHolWOtKet4dCEHUVYHn,10746,Pataks,Experiment 1,1,3.25,13.45
1YAHolWOtKet4dCEHUVYHn,10770,Sharwoods,Experiment 1,1,2.5,13.45
1YAHolWOtKet4dCEHUVYHn,10749,The Spice Tailor,Experiment 1,1,3.85,13.45
3fm00bkBvnhlzLqWwZHM4S,10765,Bens Original,Control,1,2.6,7.5
3fm00bkBvnhlzLqWwZHM4S,10750,Pataks,Control,1,2.4,7.5
3fm00bkBvnhlzLqWwZHM4S,10767,Sharwoods,Control,1,2.5,7.5
2pmKAWjAEzZWBqzVx0hD03,10755,Pataks,Experiment 1,1,3.25,5.75
2pmKAWjAEzZWBqzVx0hD03,10770,Sharwoods,Experiment 1,1,2.5,5.75
3qM62zuL6jk1qdGRrRll9C,10774,Pataks,Experiment 2,1,3.25,9.05
3qM62zuL6jk1qdGRrRll9C,10792,Sharwoods,Experiment 2,1,2.8,9.05
3qM62zuL6jk1qdGRrRll9C,10764,Pataks,Experiment 2,1,3.0,9.05
7k2Ly0KDx0V5o6ejcVijse,10742,Pataks,Experiment 1,1,2.4,4.8
7k2Ly0KDx0V5o6ejcVijse,10752,Pataks,Experiment 1,1,2.4,4.8
1X1l3tFadNaDUylRX3AjYe,10749,The Spice Tailor,Control,1,3.85,12.15
1X1l3tFadNaDUylRX3AjYe,10776,Sharwoods,Control,1,2.5,12.15
1X1l3tFadNaDUylRX3AjYe,10783,Sharwoods,Control,1,2.8,12.15
1X1l3tFadNaDUylRX3AjYe,10780,Loyd Grossman,Control,1,3.0,12.15
3UNqGnPFWnXca35x6z2XqM,10736,Pataks,Experiment 1,1,2.4,13.85
3UNqGnPFWnXca35x6z2XqM,10759,Sharwoods,Experiment 1,1,2.5,13.85
3UNqGnPFWnXca35x6z2XqM,10747,The Spice Tailor,Experiment 1,1,3.85,13.85
3UNqGnPFWnXca35x6z2XqM,10746,Pataks,Experiment 1,1,3.25,13.85
3UNqGnPFWnXca35x6z2XqM,10760,Pataks,Experiment 1,1,1.85,13.85
4Bqu1wSw3yNLJK1zuwLEW8,10745,Sharwoods,Control,1,2.5,26.95
4Bqu1wSw3yNLJK1zuwLEW8,10771,Loyd Grossman,Control,1,3.0,26.95
4Bqu1wSw3yNLJK1zuwLEW8,10742,Pataks,Control,1,2.4,26.95
4Bqu1wSw3yNLJK1zuwLEW8,10768,The Spice Tailor,Control,1,3.85,26.95
4Bqu1wSw3yNLJK1zuwLEW8,10748,The Spice Tailor,Control,1,3.85,26.95
4Bqu1wSw3yNLJK1zuwLEW8,10743,Pataks,Control,1,2.4,26.95
4Bqu1wSw3yNLJK1zuwLEW8,10744,Sharwoods,Control,1,2.5,26.95
4Bqu1wSw3yNLJK1zuwLEW8,10765,Bens Original,Control,1,2.6,26.95
4Bqu1wSw3yNLJK1zuwLEW8,10747,The Spice Tailor,Control,1,3.85,26.95
0IFwwzcdI1i2OsaUdd11Ir,10786,Sharwoods,Experiment 1,2,4.0,4.0
0tPIBmvrliVeLeUMNGnNGg,10747,The Spice Tailor,Experiment 2,1,3.85,3.85
2LwTUMLh767fLAQjGYQnIw,10771,Loyd Grossman,Control,1,3.0,11.4
2LwTUMLh767fLAQjGYQnIw,10753,Loyd Grossman,Control,1,3.0,11.4
2LwTUMLh767fLAQjGYQnIw,10765,Bens Original,Control,1,2.6,11.4
2LwTUMLh767fLAQjGYQnIw,10782,Sharwoods,Control,1,2.8,11.4
5WuPKEhWjdDyo5KGVMfGhe,10758,Pataks,Experiment 2,1,3.25,9.0
5WuPKEhWjdDyo5KGVMfGhe,10740,Sharwoods,Experiment 2,1,2.5,9.0
5WuPKEhWjdDyo5KGVMfGhe,10746,Pataks,Experiment 2,1,3.25,9.0
0Mc9X9Ca1GTB7ZWDdBGUjc,10779,The Spice Tailor,Control,2,7.7,13.1
0Mc9X9Ca1GTB7ZWDdBGUjc,10780,Loyd Grossman,Control,1,3.0,13.1
0Mc9X9Ca1GTB7ZWDdBGUjc,10736,Pataks,Control,1,2.4,13.1
2ojQFRoP9i55Z9c2FsQwjJ,10736,Pataks,Experiment 1,1,2.4,2.4
5H6Qxriig1T1SeQQGGPRoI,10779,The Spice Tailor,Control,2,7.7,16.25
5H6Qxriig1T1SeQQGGPRoI,10762,Pataks,Control,1,3.25,16.25
5H6Qxriig1T1SeQQGGPRoI,10761,Sharwoods,Control,1,2.5,16.25
5H6Qxriig1T1SeQQGGPRoI,10784,Sharwoods,Control,1,2.8,16.25
5rNWqZk2WldQ9hZIpvfBA4,10777,Sharwoods,Control,1,2.5,5.0
5rNWqZk2WldQ9hZIpvfBA4,10776,Sharwoods,Control,1,2.5,5.0
4gN71c5SfOA1dIkRiZbylQ,10771,Loyd Grossman,Experiment 2,2,6.0,12.0
4gN71c5SfOA1dIkRiZbylQ,10780,Loyd Grossman,Experiment 2,2,6.0,12.0
1PRhdq2ZVeDu5upvkpcjjs,10764,Pataks,Control,1,3.0,3.0
5ztG0XJa2hDRMHXw9L1uED,10756,Pataks,Control,1,2.4,13.75
5ztG0XJa2hDRMHXw9L1uED,10767,Sharwoods,Control,1,2.5,13.75
5ztG0XJa2hDRMHXw9L1uED,10779,The Spice Tailor,Control,1,3.85,13.75
5ztG0XJa2hDRMHXw9L1uED,10740,Sharwoods,Control,2,5.0,13.75
67Es3DymAPdUXW7SWFJQAv,10745,Sharwoods,Experiment 1,2,5.0,5.0
3DZwCUV6kUC3pOK3gv0OjE,10738,Pataks,Experiment 2,2,4.8,21.1
3DZwCUV6kUC3pOK3gv0OjE,10770,Sharwoods,Experiment 2,1,2.5,21.1
3DZwCUV6kUC3pOK3gv0OjE,10736,Pataks,Experiment 2,2,4.8,21.1
3DZwCUV6kUC3pOK3gv0OjE,10739,Sharwoods,Experiment 2,1,2.5,21.1
3DZwCUV6kUC3pOK3gv0OjE,10778,Pataks,Experiment 2,1,1.85,21.1
3DZwCUV6kUC3pOK3gv0OjE,10760,Pataks,Experiment 2,1,1.85,21.1
3DZwCUV6kUC3pOK3gv0OjE,10790,Sharwoods,Experiment 2,1,2.8,21.1
1gStFXUJDXcswRI3dQ2U9e,10736,Pataks,Control,1,2.4,4.9
1gStFXUJDXcswRI3dQ2U9e,10739,Sharwoods,Control,1,2.5,4.9
1XZeecutbqszJLLcLX95Ey,10748,The Spice Tailor,Control,2,7.7,18.85
1XZeecutbqszJLLcLX95Ey,10756,Pataks,Control,1,2.4,18.85
1XZeecutbqszJLLcLX95Ey,10761,Sharwoods,Control,1,2.5,18.85
1XZeecutbqszJLLcLX95Ey,10755,Pataks,Control,1,3.25,18.85
1XZeecutbqszJLLcLX95Ey,10764,Pataks,Control,1,3.0,18.85
2QapWB90h5PKNqdtIHrE7A,10751,Sharwoods,Control,1,2.5,2.5
3XsB5ryCN2xd9IYO5ucubp,10745,Sharwoods,Experiment 2,1,2.5,16.95
3XsB5ryCN2xd9IYO5ucubp,10736,Pataks,Experiment 2,1,2.4,16.95
3XsB5ryCN2xd9IYO5ucubp,10766,Pataks,Experiment 2,1,1.85,16.95
3XsB5ryCN2xd9IYO5ucubp,10763,Pataks,Experiment 2,1,2.4,16.95
3XsB5ryCN2xd9IYO5ucubp,10783,Sharwoods,Experiment 2,1,2.8,16.95
3XsB5ryCN2xd9IYO5ucubp,10759,Sharwoods,Experiment 2,1,2.5,16.95
3XsB5ryCN2xd9IYO5ucubp,10740,Sharwoods,Experiment 2,1,2.5,16.95
5lgrIQKr0aPO4sIJabRmJh,10757,Pataks,Experiment 2,1,2.4,9.5
5lgrIQKr0aPO4sIJabRmJh,10773,The Spice Tailor,Experiment 2,1,3.85,9.5
5lgrIQKr0aPO4sIJabRmJh,10746,Pataks,Experiment 2,1,3.25,9.5
0BIDwJmHeTz1Dw3ClVl5nL,10771,Loyd Grossman,Experiment 1,1,3.0,8.6
0BIDwJmHeTz1Dw3ClVl5nL,10765,Bens Original,Experiment 1,1,2.6,8.6
0BIDwJmHeTz1Dw3ClVl5nL,10753,Loyd Grossman,Experiment 1,1,3.0,8.6
6C88vjJDZUIcyWDnFKhqee,10738,Pataks,Experiment 2,2,4.8,4.8
1IzmcUk3UTq9jbhyzor9lC,10749,The Spice Tailor,Control,1,3.85,15.4
1IzmcUk3UTq9jbhyzor9lC,10748,The Spice Tailor,Control,1,3.85,15.4
1IzmcUk3UTq9jbhyzor9lC,10779,The Spice Tailor,Control,1,3.85,15.4
1IzmcUk3UTq9jbhyzor9lC,10747,The Spice Tailor,Control,1,3.85,15.4
2NGtmQvtdhZzDOTpWD8dfo,10747,The Spice Tailor,Experiment 1,1,3.85,7.7
2NGtmQvtdhZzDOTpWD8dfo,10769,The Spice Tailor,Experiment 1,1,3.85,7.7
46OGbBceAwgHjwImrYzOU2,10747,The Spice Tailor,Experiment 2,1,3.85,25.15
46OGbBceAwgHjwImrYzOU2,10768,The Spice Tailor,Experiment 2,1,3.85,25.15
46OGbBceAwgHjwImrYzOU2,10744,Sharwoods,Experiment 2,1,2.5,25.15
46OGbBceAwgHjwImrYzOU2,10766,Pataks,Experiment 2,1,1.85,25.15
46OGbBceAwgHjwImrYzOU2,10784,Sharwoods,Experiment 2,1,2.8,25.15
46OGbBceAwgHjwImrYzOU2,10742,Pataks,Experiment 2,1,2.4,25.15
46OGbBceAwgHjwImrYzOU2,10771,Loyd Grossman,Experiment 2,1,3.0,25.15
46OGbBceAwgHjwImrYzOU2,10745,Sharwoods,Experiment 2,1,2.5,25.15
46OGbBceAwgHjwImrYzOU2,10743,Pataks,Experiment 2,1,2.4,25.15
5CAQcvC6D2G85X4Z4HeNwZ,10782,Sharwoods,Experiment 1,1,2.8,8.0
5CAQcvC6D2G85X4Z4HeNwZ,10784,Sharwoods,Experiment 1,1,2.8,8.0
5CAQcvC6D2G85X4Z4HeNwZ,10752,Pataks,Experiment 1,1,2.4,8.0
1Y1huzPpSz4jj0KgdeYbZ3,10781,Sharwoods,Experiment 1,1,2.8,25.95
1Y1huzPpSz4jj0KgdeYbZ3,10745,Sharwoods,Experiment 1,1,2.5,25.95
1Y1huzPpSz4jj0KgdeYbZ3,10769,The Spice Tailor,Experiment 1,1,3.85,25.95
1Y1huzPpSz4jj0KgdeYbZ3,10786,Sharwoods,Experiment 1,1,2.0,25.95
1Y1huzPpSz4jj0KgdeYbZ3,10744,Sharwoods,Experiment 1,1,2.5,25.95
1Y1huzPpSz4jj0KgdeYbZ3,10784,Sharwoods,Experiment 1,1,2.8,25.95
1Y1huzPpSz4jj0KgdeYbZ3,10762,Pataks,Experiment 1,1,3.25,25.95
1Y1huzPpSz4jj0KgdeYbZ3,10758,Pataks,Experiment 1,1,3.25,25.95
1Y1huzPpSz4jj0KgdeYbZ3,10753,Loyd Grossman,Experiment 1,1,3.0,25.95
5WbPHek6xwOVA7zRwb4cVh,10770,Sharwoods,Experiment 1,1,2.5,2.5
2PS3yIknmTlzK0dsWVLnkm,10767,Sharwoods,Control,1,2.5,25.65
2PS3yIknmTlzK0dsWVLnkm,10768,The Spice Tailor,Control,3,11.55,25.65
2PS3yIknmTlzK0dsWVLnkm,10784,Sharwoods,Control,2,5.6,25.65
2PS3yIknmTlzK0dsWVLnkm,10771,Loyd Grossman,Control,2,6.0,25.65
3UZBJytxVXIZlIISd98Kmf,10745,Sharwoods,Experiment 2,1,2.5,11.35
3UZBJytxVXIZlIISd98Kmf,10770,Sharwoods,Experiment 2,2,5.0,11.35
3UZBJytxVXIZlIISd98Kmf,10768,The Spice Tailor,Experiment 2,1,3.85,11.35
5iIrQHDTGQcvTALL3XMFiD,10758,Pataks,Control,2,6.5,16.05
5iIrQHDTGQcvTALL3XMFiD,10754,The Spice Tailor,Control,1,3.85,16.05
5iIrQHDTGQcvTALL3XMFiD,10778,Pataks,Control,1,1.85,16.05
5iIrQHDTGQcvTALL3XMFiD,10773,The Spice Tailor,Control,1,3.85,16.05
56L3Gcp0DEU3wHqnwSpZSK,10749,The Spice Tailor,Experiment 2,1,3.85,7.7
56L3Gcp0DEU3wHqnwSpZSK,10769,The Spice Tailor,Experiment 2,1,3.85,7.7
48I9PjJAl6gmHi0F33ODRS,10736,Pataks,Experiment 1,1,2.4,4.8
48I9PjJAl6gmHi0F33ODRS,10756,Pataks,Experiment 1,1,2.4,4.8
3QtpKjIPznXVxTNqgHZ3ee,10752,Pataks,Experiment 1,1,2.4,4.9
3QtpKjIPznXVxTNqgHZ3ee,10751,Sharwoods,Experiment 1,1,2.5,4.9
3Das8xIklHVeF8bXILAukz,10781,Sharwoods,Experiment 2,1,2.8,63.15
3Das8xIklHVeF8bXILAukz,10770,Sharwoods,Experiment 2,7,17.5,63.15
3Das8xIklHVeF8bXILAukz,10760,Pataks,Experiment 2,6,11.1,63.15
3Das8xIklHVeF8bXILAukz,10764,Pataks,Experiment 2,5,15.0,63.15
3Das8xIklHVeF8bXILAukz,10745,Sharwoods,Experiment 2,3,7.5,63.15
3Das8xIklHVeF8bXILAukz,10765,Bens Original,Experiment 2,1,2.6,63.15
3Das8xIklHVeF8bXILAukz,10793,Sharwoods,Experiment 2,1,2.8,63.15
3Das8xIklHVeF8bXILAukz,10769,The Spice Tailor,Experiment 2,1,3.85,63.15
2vfTlpoDdmCdPQpU1VAzER,10743,Pataks,Experiment 2,1,2.4,5.0
2vfTlpoDdmCdPQpU1VAzER,10765,Bens Original,Experiment 2,1,2.6,5.0
56rZDvniXVHdal6CeVTQRc,10763,Pataks,Experiment 1,1,2.4,21.35
56rZDvniXVHdal6CeVTQRc,10776,Sharwoods,Experiment 1,1,2.5,21.35
56rZDvniXVHdal6CeVTQRc,10748,The Spice Tailor,Experiment 1,1,3.85,21.35
56rZDvniXVHdal6CeVTQRc,10738,Pataks,Experiment 1,1,2.4,21.35
56rZDvniXVHdal6CeVTQRc,10772,The Spice Tailor,Experiment 1,1,3.85,21.35
56rZDvniXVHdal6CeVTQRc,10739,Sharwoods,Experiment 1,1,2.5,21.35
56rZDvniXVHdal6CeVTQRc,10779,The Spice Tailor,Experiment 1,1,3.85,21.35
3cnzWWnim0M0eopJyUtyw5,10762,Pataks,Control,1,3.25,5.1
3cnzWWnim0M0eopJyUtyw5,10766,Pataks,Control,1,1.85,5.1
4qofbiIPHO1cGdauSBkx7W,10783,Sharwoods,Control,1,2.8,2.8
5YgALkrIZ9ZEd5Q7Fk6vhV,10760,Pataks,Experiment 1,1,1.85,8.85
5YgALkrIZ9ZEd5Q7Fk6vhV,10767,Sharwoods,Experiment 1,1,2.5,8.85
5YgALkrIZ9ZEd5Q7Fk6vhV,10787,Sharwoods,Experiment 1,1,2.0,8.85
5YgALkrIZ9ZEd5Q7Fk6vhV,10759,Sharwoods,Experiment 1,1,2.5,8.85
0Jci6Q2VG8Sl4CZosBZUD7,10783,Sharwoods,Experiment 1,1,2.8,9.8
0Jci6Q2VG8Sl4CZosBZUD7,10764,Pataks,Experiment 1,1,3.0,9.8
0Jci6Q2VG8Sl4CZosBZUD7,10788,Sharwoods,Experiment 1,1,2.0,9.8
0Jci6Q2VG8Sl4CZosBZUD7,10789,Sharwoods,Experiment 1,1,2.0,9.8
5C2kjIPIXvL6NSObmaby6a,10743,Pataks,Experiment 1,1,2.4,2.4
2jnt7V80b1R1V9GBPJVnQF,10744,Sharwoods,Experiment 2,1,2.5,2.5
2jFWEAogEzffMvy5PU1RcH,10779,The Spice Tailor,Experiment 1,1,3.85,8.85
2jFWEAogEzffMvy5PU1RcH,10739,Sharwoods,Experiment 1,1,2.5,8.85
2jFWEAogEzffMvy5PU1RcH,10744,Sharwoods,Experiment 1,1,2.5,8.85
0L7fuvwpUFxsVfZms11vAx,10791,Sharwoods,Experiment 2,1,2.8,8.1
0L7fuvwpUFxsVfZms11vAx,10783,Sharwoods,Experiment 2,1,2.8,8.1
0L7fuvwpUFxsVfZms11vAx,10777,Sharwoods,Experiment 2,1,2.5,8.1
1dx1KRRONuvQzDtbNBEKgl,10736,Pataks,Control,1,2.4,9.6
1dx1KRRONuvQzDtbNBEKgl,10752,Pataks,Control,1,2.4,9.6
1dx1KRRONuvQzDtbNBEKgl,10757,Pataks,Control,2,4.8,9.6
4sGOtlpd2BVRdtk9pd9JB1,10752,Pataks,Control,1,2.4,9.55
4sGOtlpd2BVRdtk9pd9JB1,10770,Sharwoods,Control,1,2.5,9.55
4sGOtlpd2BVRdtk9pd9JB1,10781,Sharwoods,Control,1,2.8,9.55
4sGOtlpd2BVRdtk9pd9JB1,10766,Pataks,Control,1,1.85,9.55
1MfBMJmY3NeZfqHFJHPfN4,10776,Sharwoods,Control,1,2.5,8.75
1MfBMJmY3NeZfqHFJHPfN4,10763,Pataks,Control,1,2.4,8.75
1MfBMJmY3NeZfqHFJHPfN4,10779,The Spice Tailor,Control,1,3.85,8.75
0KBUUeEXqQfMHuPBmBfBhO,10747,The Spice Tailor,Control,3,15.4,50.05
0KBUUeEXqQfMHuPBmBfBhO,10773,The Spice Tailor,Control,1,7.7,50.05
0KBUUeEXqQfMHuPBmBfBhO,10769,The Spice Tailor,Control,1,3.85,50.05
0KBUUeEXqQfMHuPBmBfBhO,10768,The Spice Tailor,Control,1,3.85,50.05
0KBUUeEXqQfMHuPBmBfBhO,10749,The Spice Tailor,Control,1,7.7,50.05
0KBUUeEXqQfMHuPBmBfBhO,10748,The Spice Tailor,Control,1,7.7,50.05
0KBUUeEXqQfMHuPBmBfBhO,10779,The Spice Tailor,Control,1,3.85,50.05
2XmB4eJRpIV1fbOD4e98Vn,10755,Pataks,Control,1,3.25,6.05
2XmB4eJRpIV1fbOD4e98Vn,10784,Sharwoods,Control,1,2.8,6.05
2DruxDHFcKpor0fjK5caA0,10738,Pataks,Control,1,2.4,10.0
2DruxDHFcKpor0fjK5caA0,10761,Sharwoods,Control,2,5.0,10.0
2DruxDHFcKpor0fjK5caA0,10765,Bens Original,Control,1,2.6,10.0
0wTWbXR2Rq5Ek754HwUR7T,10762,Pataks,Experiment 2,1,3.25,8.55
0wTWbXR2Rq5Ek754HwUR7T,10781,Sharwoods,Experiment 2,1,2.8,8.55
0wTWbXR2Rq5Ek754HwUR7T,10744,Sharwoods,Experiment 2,1,2.5,8.55
6LyASdiU162MsIHpp9aJjY,10763,Pataks,Experiment 2,1,2.4,4.25
6LyASdiU162MsIHpp9aJjY,10760,Pataks,Experiment 2,1,1.85,4.25
5JLXA1EznUIulFaGAVL6N0,10762,Pataks,Experiment 2,1,3.25,3.25
6nZmgAqFWB1U4Vte3UNh7n,10759,Sharwoods,Experiment 1,3,7.5,22.05
6nZmgAqFWB1U4Vte3UNh7n,10770,Sharwoods,Experiment 1,1,2.5,22.05
6nZmgAqFWB1U4Vte3UNh7n,10757,Pataks,Experiment 1,1,2.4,22.05
6nZmgAqFWB1U4Vte3UNh7n,10766,Pataks,Experiment 1,1,1.85,22.05
6nZmgAqFWB1U4Vte3UNh7n,10753,Loyd Grossman,Experiment 1,1,3.0,22.05
6nZmgAqFWB1U4Vte3UNh7n,10743,Pataks,Experiment 1,2,4.8,22.05
2Yf2ICXjZUiOQhNw2dhhbv,10745,Sharwoods,Experiment 1,1,2.5,19.15
2Yf2ICXjZUiOQhNw2dhhbv,10781,Sharwoods,Experiment 1,1,2.8,19.15
2Yf2ICXjZUiOQhNw2dhhbv,10746,Pataks,Experiment 1,1,3.25,19.15
2Yf2ICXjZUiOQhNw2dhhbv,10773,The Spice Tailor,Experiment 1,1,3.85,19.15
2Yf2ICXjZUiOQhNw2dhhbv,10763,Pataks,Experiment 1,1,2.4,19.15
2Yf2ICXjZUiOQhNw2dhhbv,10740,Sharwoods,Experiment 1,1,2.5,19.15
2Yf2ICXjZUiOQhNw2dhhbv,10778,Pataks,Experiment 1,1,1.85,19.15
4NVcYSix2mtrJ9lfgcKwlD,10776,Sharwoods,Experiment 2,1,2.5,2.5
4owpjmQL7MV6dopVLmfCnz,10760,Pataks,Experiment 1,1,1.85,1.85
6cUQ8Md6Yh5UfBkrzNmXLA,10777,Sharwoods,Control,1,5.0,38.25
6cUQ8Md6Yh5UfBkrzNmXLA,10772,The Spice Tailor,Control,2,11.55,38.25
6cUQ8Md6Yh5UfBkrzNmXLA,10753,Loyd Grossman,Control,2,6.0,38.25
6cUQ8Md6Yh5UfBkrzNmXLA,10746,Pataks,Control,1,3.25,38.25
6cUQ8Md6Yh5UfBkrzNmXLA,10773,The Spice Tailor,Control,1,3.85,38.25
6cUQ8Md6Yh5UfBkrzNmXLA,10783,Sharwoods,Control,1,5.6,38.25
6cUQ8Md6Yh5UfBkrzNmXLA,10771,Loyd Grossman,Control,1,3.0,38.25
7vEaoBDvwxLGpfEQtZ3dUX,10752,Pataks,Experiment 2,1,2.4,10.1
7vEaoBDvwxLGpfEQtZ3dUX,10736,Pataks,Experiment 2,1,2.4,10.1
7vEaoBDvwxLGpfEQtZ3dUX,10790,Sharwoods,Experiment 2,1,2.8,10.1
7vEaoBDvwxLGpfEQtZ3dUX,10761,Sharwoods,Experiment 2,1,2.5,10.1
10BxrKQJkibHiJKzvsv1ma,10748,The Spice Tailor,Experiment 1,1,3.85,6.65
10BxrKQJkibHiJKzvsv1ma,10781,Sharwoods,Experiment 1,1,2.8,6.65
76hjgLPSJQFMrtJzUMP8vd,10765,Bens Original,Experiment 2,1,2.6,7.9
76hjgLPSJQFMrtJzUMP8vd,10781,Sharwoods,Experiment 2,1,2.8,7.9
76hjgLPSJQFMrtJzUMP8vd,10759,Sharwoods,Experiment 2,1,2.5,7.9
2p8MV9ELYSPnXJtU7YxUX4,10739,Sharwoods,Experiment 1,1,2.5,7.7
2p8MV9ELYSPnXJtU7YxUX4,10742,Pataks,Experiment 1,1,2.4,7.7
2p8MV9ELYSPnXJtU7YxUX4,10784,Sharwoods,Experiment 1,1,2.8,7.7
4dRIjp1UVcLV3a7XqIWDMI,10780,Loyd Grossman,Experiment 1,1,3.0,15.95
4dRIjp1UVcLV3a7XqIWDMI,10762,Pataks,Experiment 1,1,3.25,15.95
4dRIjp1UVcLV3a7XqIWDMI,10788,Sharwoods,Experiment 1,1,2.0,15.95
4dRIjp1UVcLV3a7XqIWDMI,10773,The Spice Tailor,Experiment 1,1,3.85,15.95
4dRIjp1UVcLV3a7XqIWDMI,10748,The Spice Tailor,Experiment 1,1,3.85,15.95
68JD3YWOHZ4mLQGhTHoP5i,10757,Pataks,Control,1,2.4,12.6
68JD3YWOHZ4mLQGhTHoP5i,10779,The Spice Tailor,Control,1,3.85,12.6
68JD3YWOHZ4mLQGhTHoP5i,10759,Sharwoods,Control,1,2.5,12.6
68JD3YWOHZ4mLQGhTHoP5i,10769,The Spice Tailor,Control,1,3.85,12.6
3MpNxnNVVQb7w3VwndmtA4,10763,Pataks,Experiment 2,1,2.4,14.7
3MpNxnNVVQb7w3VwndmtA4,10777,Sharwoods,Experiment 2,1,2.5,14.7
3MpNxnNVVQb7w3VwndmtA4,10744,Sharwoods,Experiment 2,1,2.5,14.7
3MpNxnNVVQb7w3VwndmtA4,10759,Sharwoods,Experiment 2,1,2.5,14.7
3MpNxnNVVQb7w3VwndmtA4,10736,Pataks,Experiment 2,1,2.4,14.7
3MpNxnNVVQb7w3VwndmtA4,10738,Pataks,Experiment 2,1,2.4,14.7
4Y4CVSNZuDiMpLTx6COXv0,10748,The Spice Tailor,Experiment 1,1,3.85,3.85
3EX0mhoiuQMjBJZ2ZA5jtD,10782,Sharwoods,Experiment 1,1,2.8,16.05
3EX0mhoiuQMjBJZ2ZA5jtD,10738,Pataks,Experiment 1,2,4.8,16.05
3EX0mhoiuQMjBJZ2ZA5jtD,10783,Sharwoods,Experiment 1,1,2.8,16.05
3EX0mhoiuQMjBJZ2ZA5jtD,10762,Pataks,Experiment 1,1,3.25,16.05
3EX0mhoiuQMjBJZ2ZA5jtD,10743,Pataks,Experiment 1,1,2.4,16.05
2Qr4vBYCwqxBGO4Tnei6IB,10792,Sharwoods,Experiment 2,3,8.4,30.6
2Qr4vBYCwqxBGO4Tnei6IB,10774,Pataks,Experiment 2,1,6.5,30.6
2Qr4vBYCwqxBGO4Tnei6IB,10776,Sharwoods,Experiment 2,1,2.5,30.6
2Qr4vBYCwqxBGO4Tnei6IB,10793,Sharwoods,Experiment 2,1,2.8,30.6
2Qr4vBYCwqxBGO4Tnei6IB,10765,Bens Original,Experiment 2,1,2.6,30.6
2Qr4vBYCwqxBGO4Tnei6IB,10780,Loyd Grossman,Experiment 2,1,3.0,30.6
2Qr4vBYCwqxBGO4Tnei6IB,10743,Pataks,Experiment 2,1,4.8,30.6
6ZuzTWItvXEGXLCSyQbYug,10782,Sharwoods,Control,1,2.8,15.9
6ZuzTWItvXEGXLCSyQbYug,10761,Sharwoods,Control,1,2.5,15.9
6ZuzTWItvXEGXLCSyQbYug,10766,Pataks,Control,1,1.85,15.9
6ZuzTWItvXEGXLCSyQbYug,10777,Sharwoods,Control,1,2.5,15.9
6ZuzTWItvXEGXLCSyQbYug,10738,Pataks,Control,1,2.4,15.9
6ZuzTWItvXEGXLCSyQbYug,10773,The Spice Tailor,Control,1,3.85,15.9
7J06UR2DI5JmBwzo5MvYNW,10763,Pataks,Control,1,2.4,6.1
7J06UR2DI5JmBwzo5MvYNW,10778,Pataks,Control,1,1.85,6.1
7J06UR2DI5JmBwzo5MvYNW,10766,Pataks,Control,1,1.85,6.1
3ENKSuICRxtBmadSJurOzx,10777,Sharwoods,Experiment 2,1,2.5,13.95
3ENKSuICRxtBmadSJurOzx,10743,Pataks,Experiment 2,1,2.4,13.95
3ENKSuICRxtBmadSJurOzx,10748,The Spice Tailor,Experiment 2,1,3.85,13.95
3ENKSuICRxtBmadSJurOzx,10784,Sharwoods,Experiment 2,1,2.8,13.95
3ENKSuICRxtBmadSJurOzx,10752,Pataks,Experiment 2,1,2.4,13.95
5iMMUKnjzLbQz1xPK9ca3j,10782,Sharwoods,Control,1,2.8,23.85
5iMMUKnjzLbQz1xPK9ca3j,10740,Sharwoods,Control,1,2.5,23.85
5iMMUKnjzLbQz1xPK9ca3j,10736,Pataks,Control,2,4.8,23.85
5iMMUKnjzLbQz1xPK9ca3j,10739,Sharwoods,Control,1,2.5,23.85
5iMMUKnjzLbQz1xPK9ca3j,10748,The Spice Tailor,Control,1,3.85,23.85
5iMMUKnjzLbQz1xPK9ca3j,10743,Pataks,Control,1,2.4,23.85
5iMMUKnjzLbQz1xPK9ca3j,10745,Sharwoods,Control,1,2.5,23.85
5iMMUKnjzLbQz1xPK9ca3j,10761,Sharwoods,Control,1,2.5,23.85
3gfLTx00xZPoZ9vS8mEJen,10763,Pataks,Experiment 2,1,2.4,4.9
3gfLTx00xZPoZ9vS8mEJen,10740,Sharwoods,Experiment 2,1,2.5,4.9
3XmlCMtavq5OitgtHOzg6L,10748,The Spice Tailor,Control,1,3.85,17.7
3XmlCMtavq5OitgtHOzg6L,10739,Sharwoods,Control,3,7.5,17.7
3XmlCMtavq5OitgtHOzg6L,10777,Sharwoods,Control,1,2.5,17.7
3XmlCMtavq5OitgtHOzg6L,10768,The Spice Tailor,Control,1,3.85,17.7
5UePQ7xQ46ykJiH16KlAPT,10745,Sharwoods,Experiment 2,1,2.5,7.4
5UePQ7xQ46ykJiH16KlAPT,10767,Sharwoods,Experiment 2,1,2.5,7.4
5UePQ7xQ46ykJiH16KlAPT,10750,Pataks,Experiment 2,1,2.4,7.4
1YXNiF0ug6AqCaUJHfPKKZ,10771,Loyd Grossman,Experiment 1,1,3.0,16.25
1YXNiF0ug6AqCaUJHfPKKZ,10774,Pataks,Experiment 1,1,3.25,16.25
1YXNiF0ug6AqCaUJHfPKKZ,10752,Pataks,Experiment 1,1,2.4,16.25
1YXNiF0ug6AqCaUJHfPKKZ,10765,Bens Original,Experiment 1,2,5.2,16.25
1YXNiF0ug6AqCaUJHfPKKZ,10750,Pataks,Experiment 1,1,2.4,16.25
4MZLVNSYzqTnSq1tGuC9I2,10780,Loyd Grossman,Experiment 2,2,6.0,14.0
4MZLVNSYzqTnSq1tGuC9I2,10736,Pataks,Experiment 2,1,2.4,14.0
4MZLVNSYzqTnSq1tGuC9I2,10792,Sharwoods,Experiment 2,2,5.6,14.0
06gCmezPFXd5viaI6e0TSV,10738,Pataks,Experiment 2,1,2.4,4.9
06gCmezPFXd5viaI6e0TSV,10744,Sharwoods,Experiment 2,1,2.5,4.9
5GqbHxsLmtBOPMzkpgsi53,10749,The Spice Tailor,Experiment 1,1,3.85,3.85
3vkti6RwPmOkLt4YwrzS7A,10749,The Spice Tailor,Control,1,3.85,3.85
1QlhO5XtX9WEr86buXYlEO,10769,The Spice Tailor,Experiment 1,1,3.85,3.85
1qsNR7pRXFUVzleK9ZJm1B,10770,Sharwoods,Experiment 1,1,2.5,8.5
1qsNR7pRXFUVzleK9ZJm1B,10764,Pataks,Experiment 1,1,3.0,8.5
1qsNR7pRXFUVzleK9ZJm1B,10780,Loyd Grossman,Experiment 1,1,3.0,8.5
1iU95epEXFeWR7tdKKq9gF,10762,Pataks,Control,1,3.25,3.25
0OfvvgyP1RqcfDz0TdLKPm,10780,Loyd Grossman,Experiment 2,1,3.0,10.05
0OfvvgyP1RqcfDz0TdLKPm,10778,Pataks,Experiment 2,1,1.85,10.05
0OfvvgyP1RqcfDz0TdLKPm,10792,Sharwoods,Experiment 2,1,2.8,10.05
0OfvvgyP1RqcfDz0TdLKPm,10738,Pataks,Experiment 2,1,2.4,10.05
0KFRqZf3TZ9q971yorb754,10763,Pataks,Experiment 2,1,2.4,7.2
0KFRqZf3TZ9q971yorb754,10738,Pataks,Experiment 2,1,2.4,7.2
0KFRqZf3TZ9q971yorb754,10736,Pataks,Experiment 2,1,2.4,7.2
29Px74ChOdgqJYmZL6jty3,10770,Sharwoods,Experiment 2,2,5.0,7.4
29Px74ChOdgqJYmZL6jty3,10763,Pataks,Experiment 2,1,2.4,7.4
4AiwrMRD8Kl9BHC7NJNEos,10763,Pataks,Experiment 2,1,2.4,17.35
4AiwrMRD8Kl9BHC7NJNEos,10765,Bens Original,Experiment 2,2,5.2,17.35
4AiwrMRD8Kl9BHC7NJNEos,10746,Pataks,Experiment 2,3,9.75,17.35
1Dw52tk4Tv4yiNlu9VxUrB,10776,Sharwoods,Experiment 1,1,2.5,7.3
1Dw52tk4Tv4yiNlu9VxUrB,10756,Pataks,Experiment 1,1,2.4,7.3
1Dw52tk4Tv4yiNlu9VxUrB,10742,Pataks,Experiment 1,1,2.4,7.3
6zj34ejrxhY4UbL2vJnjOD,10751,Sharwoods,Experiment 1,1,2.5,6.35
6zj34ejrxhY4UbL2vJnjOD,10760,Pataks,Experiment 1,1,1.85,6.35
6zj34ejrxhY4UbL2vJnjOD,10786,Sharwoods,Experiment 1,1,2.0,6.35
6ZahNoHjLEwQxnNt3L2Wgs,10776,Sharwoods,Control,1,2.5,7.7
6ZahNoHjLEwQxnNt3L2Wgs,10750,Pataks,Control,1,2.4,7.7
6ZahNoHjLEwQxnNt3L2Wgs,10784,Sharwoods,Control,1,2.8,7.7
0WHFT4gZSwvvq8LnNEW7hy,10759,Sharwoods,Control,1,2.5,2.5
128lZdsZwOQNtM2Q1UCz9Y,10742,Pataks,Experiment 1,1,2.4,24.9
128lZdsZwOQNtM2Q1UCz9Y,10788,Sharwoods,Experiment 1,2,4.0,24.9
128lZdsZwOQNtM2Q1UCz9Y,10755,Pataks,Experiment 1,3,9.75,24.9
128lZdsZwOQNtM2Q1UCz9Y,10754,The Spice Tailor,Experiment 1,1,3.85,24.9
128lZdsZwOQNtM2Q1UCz9Y,10759,Sharwoods,Experiment 1,1,2.5,24.9
128lZdsZwOQNtM2Q1UCz9Y,10756,Pataks,Experiment 1,1,2.4,24.9
5RHRTTVoUGjgTwTx50prfa,10778,Pataks,Experiment 2,1,1.85,1.85
0CkP5cUdKrF5QNL7b2MDYJ,10781,Sharwoods,Experiment 2,1,5.6,31.8
0CkP5cUdKrF5QNL7b2MDYJ,10772,The Spice Tailor,Experiment 2,1,3.85,31.8
0CkP5cUdKrF5QNL7b2MDYJ,10770,Sharwoods,Experiment 2,1,2.5,31.8
0CkP5cUdKrF5QNL7b2MDYJ,10762,Pataks,Experiment 2,1,3.25,31.8
0CkP5cUdKrF5QNL7b2MDYJ,10790,Sharwoods,Experiment 2,1,2.8,31.8
0CkP5cUdKrF5QNL7b2MDYJ,10792,Sharwoods,Experiment 2,1,2.8,31.8
0CkP5cUdKrF5QNL7b2MDYJ,10777,Sharwoods,Experiment 2,1,2.5,31.8
0CkP5cUdKrF5QNL7b2MDYJ,10771,Loyd Grossman,Experiment 2,1,6.0,31.8
0CkP5cUdKrF5QNL7b2MDYJ,10767,Sharwoods,Experiment 2,1,2.5,31.8
3MhglVUNQNlJKtIEdhH8b7,10765,Bens Original,Experiment 1,1,2.6,6.95
3MhglVUNQNlJKtIEdhH8b7,10761,Sharwoods,Experiment 1,1,2.5,6.95
3MhglVUNQNlJKtIEdhH8b7,10760,Pataks,Experiment 1,1,1.85,6.95
70Y5l5yYYWyrAkiQCOqEx5,10778,Pataks,Experiment 1,1,1.85,22.35
70Y5l5yYYWyrAkiQCOqEx5,10780,Loyd Grossman,Experiment 1,2,6.0,22.35
70Y5l5yYYWyrAkiQCOqEx5,10762,Pataks,Experiment 1,1,3.25,22.35
70Y5l5yYYWyrAkiQCOqEx5,10759,Sharwoods,Experiment 1,1,2.5,22.35
70Y5l5yYYWyrAkiQCOqEx5,10745,Sharwoods,Experiment 1,1,2.5,22.35
70Y5l5yYYWyrAkiQCOqEx5,10748,The Spice Tailor,Experiment 1,1,3.85,22.35
70Y5l5yYYWyrAkiQCOqEx5,10742,Pataks,Experiment 1,1,2.4,22.35
0rYlQd7j1Ng7LkuUKthn3L,10765,Bens Original,Experiment 2,1,2.6,5.1
0rYlQd7j1Ng7LkuUKthn3L,10761,Sharwoods,Experiment 2,1,2.5,5.1
6FcN2y57usuCxvHym0uPs8,10778,Pataks,Control,1,1.85,9.95
6FcN2y57usuCxvHym0uPs8,10773,The Spice Tailor,Control,1,3.85,9.95
6FcN2y57usuCxvHym0uPs8,10736,Pataks,Control,1,2.4,9.95
6FcN2y57usuCxvHym0uPs8,10766,Pataks,Control,1,1.85,9.95
4bGGz82qjADRoedtvp78Uv,10778,Pataks,Experiment 2,2,3.7,6.5
4bGGz82qjADRoedtvp78Uv,10793,Sharwoods,Experiment 2,1,2.8,6.5
4oYjfOq0gqZMG2nQlWHGgH,10783,Sharwoods,Control,1,2.8,6.65
4oYjfOq0gqZMG2nQlWHGgH,10768,The Spice Tailor,Control,1,3.85,6.65
6ajbJR0RWyYTgB9mP4YXeg,10751,Sharwoods,Control,1,2.5,2.5
3wOfndkLXQaaindKw4rMqd,10759,Sharwoods,Experiment 1,1,2.5,2.5
4DCzwyN4POSMbdTueA1DoM,10765,Bens Original,Experiment 2,1,2.6,4.45
4DCzwyN4POSMbdTueA1DoM,10778,Pataks,Experiment 2,1,1.85,4.45
2ra1H2V87W80hiPcBp3jdW,10744,Sharwoods,Experiment 2,1,2.5,15.4
2ra1H2V87W80hiPcBp3jdW,10739,Sharwoods,Experiment 2,1,2.5,15.4
2ra1H2V87W80hiPcBp3jdW,10770,Sharwoods,Experiment 2,1,2.5,15.4
2ra1H2V87W80hiPcBp3jdW,10764,Pataks,Experiment 2,1,3.0,15.4
2ra1H2V87W80hiPcBp3jdW,10738,Pataks,Experiment 2,1,2.4,15.4
2ra1H2V87W80hiPcBp3jdW,10740,Sharwoods,Experiment 2,1,2.5,15.4
6KWrx7KnoyrUy0ZZoWU8p2,10787,Sharwoods,Experiment 1,3,6.0,16.0
6KWrx7KnoyrUy0ZZoWU8p2,10751,Sharwoods,Experiment 1,1,2.5,16.0
6KWrx7KnoyrUy0ZZoWU8p2,10786,Sharwoods,Experiment 1,1,2.0,16.0
6KWrx7KnoyrUy0ZZoWU8p2,10777,Sharwoods,Experiment 1,1,2.5,16.0
6KWrx7KnoyrUy0ZZoWU8p2,10771,Loyd Grossman,Experiment 1,1,3.0,16.0
2NkMFHVBzPBhle7GiCvu7B,10740,Sharwoods,Control,1,2.5,2.5
4A3pksiIj8TiUEAePBnFFm,10742,Pataks,Experiment 1,2,4.8,23.8
4A3pksiIj8TiUEAePBnFFm,10744,Sharwoods,Experiment 1,1,2.5,23.8
4A3pksiIj8TiUEAePBnFFm,10756,Pataks,Experiment 1,1,2.4,23.8
4A3pksiIj8TiUEAePBnFFm,10743,Pataks,Experiment 1,1,2.4,23.8
4A3pksiIj8TiUEAePBnFFm,10758,Pataks,Experiment 1,1,3.25,23.8
4A3pksiIj8TiUEAePBnFFm,10762,Pataks,Experiment 1,1,3.25,23.8
4A3pksiIj8TiUEAePBnFFm,10781,Sharwoods,Experiment 1,1,2.8,23.8
4A3pksiIj8TiUEAePBnFFm,10738,Pataks,Experiment 1,1,2.4,23.8
6cJ9DpnmPSUc7bA6Gm9BWn,10761,Sharwoods,Control,1,2.5,2.5
6r5vXCfMcxlIJJ9AJnpOni,10739,Sharwoods,Experiment 1,1,2.5,5.0
6r5vXCfMcxlIJJ9AJnpOni,10767,Sharwoods,Experiment 1,1,2.5,5.0
0pmi7CpUy4anmsuhWdpkio,10791,Sharwoods,Experiment 2,1,2.8,8.3
0pmi7CpUy4anmsuhWdpkio,10764,Pataks,Experiment 2,1,3.0,8.3
0pmi7CpUy4anmsuhWdpkio,10761,Sharwoods,Experiment 2,1,2.5,8.3
46ATB6WlnE0GAjYPOooM5l,10773,The Spice Tailor,Control,1,3.85,3.85
3vxewBsvgemhxTTDTAybFK,10740,Sharwoods,Experiment 1,2,5.0,5.0
2fBRaQTBICaDelaSbzW67K,10790,Sharwoods,Experiment 2,1,2.8,32.6
2fBRaQTBICaDelaSbzW67K,10757,Pataks,Experiment 2,1,2.4,32.6
2fBRaQTBICaDelaSbzW67K,10740,Sharwoods,Experiment 2,1,5.0,32.6
2fBRaQTBICaDelaSbzW67K,10769,The Spice Tailor,Experiment 2,1,3.85,32.6
2fBRaQTBICaDelaSbzW67K,10739,Sharwoods,Experiment 2,1,2.5,32.6
2fBRaQTBICaDelaSbzW67K,10758,Pataks,Experiment 2,1,3.25,32.6
2fBRaQTBICaDelaSbzW67K,10751,Sharwoods,Experiment 2,1,2.5,32.6
2fBRaQTBICaDelaSbzW67K,10749,The Spice Tailor,Experiment 2,1,7.7,32.6
2fBRaQTBICaDelaSbzW67K,10765,Bens Original,Experiment 2,1,2.6,32.6
4LAUTDIHLocIeBjLLwZFIJ,10748,The Spice Tailor,Experiment 2,1,3.85,7.7
4LAUTDIHLocIeBjLLwZFIJ,10773,The Spice Tailor,Experiment 2,1,3.85,7.7
2hxTU1M9TYNFBs2yHkmyG0,10766,Pataks,Control,1,1.85,4.65
2hxTU1M9TYNFBs2yHkmyG0,10784,Sharwoods,Control,1,2.8,4.65
7C9uE30ZELSosQOjWSQks1,10743,Pataks,Experiment 2,1,2.4,4.8
7C9uE30ZELSosQOjWSQks1,10742,Pataks,Experiment 2,1,2.4,4.8
5TorxPmgaNmwuf9tXzOZtS,10773,The Spice Tailor,Control,1,3.85,6.85
5TorxPmgaNmwuf9tXzOZtS,10753,Loyd Grossman,Control,1,3.0,6.85
3CiGGvrK4a2DY6rs4kSBWY,10744,Sharwoods,Control,1,2.5,7.5
3CiGGvrK4a2DY6rs4kSBWY,10745,Sharwoods,Control,1,2.5,7.5
3CiGGvrK4a2DY6rs4kSBWY,10739,Sharwoods,Control,1,2.5,7.5
5MYiGmdkOdz604mahhrpsP,10765,Bens Original,Control,1,2.6,11.3
5MYiGmdkOdz604mahhrpsP,10760,Pataks,Control,1,1.85,11.3
5MYiGmdkOdz604mahhrpsP,10766,Pataks,Control,1,1.85,11.3
5MYiGmdkOdz604mahhrpsP,10744,Sharwoods,Control,1,2.5,11.3
5MYiGmdkOdz604mahhrpsP,10745,Sharwoods,Control,1,2.5,11.3
4TQWLj14KZhLiyM2zgaTYJ,10766,Pataks,Experiment 2,1,1.85,13.5
4TQWLj14KZhLiyM2zgaTYJ,10765,Bens Original,Experiment 2,1,2.6,13.5
4TQWLj14KZhLiyM2zgaTYJ,10779,The Spice Tailor,Experiment 2,1,3.85,13.5
4TQWLj14KZhLiyM2zgaTYJ,10756,Pataks,Experiment 2,1,2.4,13.5
4TQWLj14KZhLiyM2zgaTYJ,10793,Sharwoods,Experiment 2,1,2.8,13.5
6kjBox3r0eEs5HKKpqwEhO,10752,Pataks,Experiment 1,3,7.2,9.6
6kjBox3r0eEs5HKKpqwEhO,10763,Pataks,Experiment 1,1,2.4,9.6
0cawhasTBxaVYZP72nF9Ln,10770,Sharwoods,Experiment 2,1,2.5,8.1
0cawhasTBxaVYZP72nF9Ln,10781,Sharwoods,Experiment 2,1,2.8,8.1
0cawhasTBxaVYZP72nF9Ln,10792,Sharwoods,Experiment 2,1,2.8,8.1
5dXam1qZBi5yv7hJA2pzQR,10781,Sharwoods,Experiment 2,1,2.8,2.8
0KofAvfQ6Ij2SrbIsFyvsX,10768,The Spice Tailor,Experiment 2,1,3.85,6.35
0KofAvfQ6Ij2SrbIsFyvsX,10759,Sharwoods,Experiment 2,1,2.5,6.35
0HnRjbV6bkXHUrKvAHBnq0,10744,Sharwoods,Experiment 2,1,2.5,7.4
0HnRjbV6bkXHUrKvAHBnq0,10745,Sharwoods,Experiment 2,1,2.5,7.4
0HnRjbV6bkXHUrKvAHBnq0,10738,Pataks,Experiment 2,1,2.4,7.4
6NPbzAnaFw42HvWUT9wTpN,10739,Sharwoods,Experiment 2,1,2.5,5.3
6NPbzAnaFw42HvWUT9wTpN,10791,Sharwoods,Experiment 2,1,2.8,5.3
2Kj7uU3p9w5nebiIOuj6Sb,10738,Pataks,Control,3,7.2,19.6
2Kj7uU3p9w5nebiIOuj6Sb,10761,Sharwoods,Control,3,7.5,19.6
2Kj7uU3p9w5nebiIOuj6Sb,10739,Sharwoods,Control,1,2.5,19.6
2Kj7uU3p9w5nebiIOuj6Sb,10742,Pataks,Control,1,2.4,19.6
3KUQh1FQMQqETudX9c2u56,10792,Sharwoods,Experiment 2,1,2.8,9.15
3KUQh1FQMQqETudX9c2u56,10769,The Spice Tailor,Experiment 2,1,3.85,9.15
3KUQh1FQMQqETudX9c2u56,10751,Sharwoods,Experiment 2,1,2.5,9.15
0pt01vWNy0dMpjZDcpNjFJ,10755,Pataks,Experiment 2,1,3.25,9.45
0pt01vWNy0dMpjZDcpNjFJ,10760,Pataks,Experiment 2,1,1.85,9.45
0pt01vWNy0dMpjZDcpNjFJ,10744,Sharwoods,Experiment 2,1,2.5,9.45
0pt01vWNy0dMpjZDcpNjFJ,10766,Pataks,Experiment 2,1,1.85,9.45
5ktmJ9ObSY7JjmK2X39Qjp,10751,Sharwoods,Experiment 1,1,2.5,2.5
1jJPKTC9GS2XhIHzHFLWb4,10784,Sharwoods,Experiment 2,1,2.8,8.9
1jJPKTC9GS2XhIHzHFLWb4,10760,Pataks,Experiment 2,2,3.7,8.9
1jJPKTC9GS2XhIHzHFLWb4,10736,Pataks,Experiment 2,1,2.4,8.9
26xxZpVXluCiwkd2BANhLf,10767,Sharwoods,Control,1,2.5,6.35
26xxZpVXluCiwkd2BANhLf,10749,The Spice Tailor,Control,1,3.85,6.35
7Iv0AeFNBhMxu6fKazknUa,10745,Sharwoods,Experiment 2,1,2.5,4.9
7Iv0AeFNBhMxu6fKazknUa,10752,Pataks,Experiment 2,1,2.4,4.9
7j2z5bLUmHJJnMmC4X7z0t,10764,Pataks,Experiment 1,1,3.0,3.0
26Vy5Qijkedhw9qAQHjTVw,10751,Sharwoods,Experiment 1,1,2.5,7.1
26Vy5Qijkedhw9qAQHjTVw,10787,Sharwoods,Experiment 1,1,2.0,7.1
26Vy5Qijkedhw9qAQHjTVw,10765,Bens Original,Experiment 1,1,2.6,7.1
7sNIlH5dKv79piS2ZAm0eT,10757,Pataks,Experiment 2,1,2.4,18.15
7sNIlH5dKv79piS2ZAm0eT,10782,Sharwoods,Experiment 2,2,5.6,18.15
7sNIlH5dKv79piS2ZAm0eT,10764,Pataks,Experiment 2,1,3.0,18.15
7sNIlH5dKv79piS2ZAm0eT,10740,Sharwoods,Experiment 2,1,2.5,18.15
7sNIlH5dKv79piS2ZAm0eT,10778,Pataks,Experiment 2,1,1.85,18.15
7sNIlH5dKv79piS2ZAm0eT,10790,Sharwoods,Experiment 2,1,2.8,18.15
16kKlaxA1ngKKG2lNKbPvd,10767,Sharwoods,Control,1,2.5,8.25
16kKlaxA1ngKKG2lNKbPvd,10751,Sharwoods,Control,1,2.5,8.25
16kKlaxA1ngKKG2lNKbPvd,10774,Pataks,Control,1,3.25,8.25
3cvVC72EqWcdsRYa0RiWGf,10738,Pataks,Experiment 1,1,2.4,4.9
3cvVC72EqWcdsRYa0RiWGf,10744,Sharwoods,Experiment 1,1,2.5,4.9
2bfYSSqjzbKPlRs78R8OJh,10766,Pataks,Experiment 2,1,1.85,1.85
7zzWCrm6CeYon5pNdgwd2R,10790,Sharwoods,Experiment 2,1,2.8,9.65
7zzWCrm6CeYon5pNdgwd2R,10768,The Spice Tailor,Experiment 2,1,3.85,9.65
7zzWCrm6CeYon5pNdgwd2R,10764,Pataks,Experiment 2,1,3.0,9.65
5HNKxpKAQrqFhKEvURJK1I,10761,Sharwoods,Control,1,2.5,2.5
4iTwgBFN0Vqgc2NKdlcD8t,10761,Sharwoods,Experiment 1,1,2.5,10.8
4iTwgBFN0Vqgc2NKdlcD8t,10767,Sharwoods,Experiment 1,1,2.5,10.8
4iTwgBFN0Vqgc2NKdlcD8t,10782,Sharwoods,Experiment 1,1,2.8,10.8
4iTwgBFN0Vqgc2NKdlcD8t,10780,Loyd Grossman,Experiment 1,1,3.0,10.8
0lq5P7Si0LGjokOqDX5XVP,10784,Sharwoods,Experiment 2,1,2.8,7.05
0lq5P7Si0LGjokOqDX5XVP,10756,Pataks,Experiment 2,1,2.4,7.05
0lq5P7Si0LGjokOqDX5XVP,10778,Pataks,Experiment 2,1,1.85,7.05
5aiROgyjxyDbcmoVfkwtRP,10742,Pataks,Experiment 2,1,2.4,7.6
5aiROgyjxyDbcmoVfkwtRP,10793,Sharwoods,Experiment 2,1,2.8,7.6
5aiROgyjxyDbcmoVfkwtRP,10743,Pataks,Experiment 2,1,2.4,7.6
6tjaSAZAYZJa0nRBjgKufp,10778,Pataks,Experiment 2,1,1.85,4.35
6tjaSAZAYZJa0nRBjgKufp,10761,Sharwoods,Experiment 2,1,2.5,4.35
1idfEvYVOdwAnFe0s6KnAf,10753,Loyd Grossman,Control,1,3.0,8.5
1idfEvYVOdwAnFe0s6KnAf,10771,Loyd Grossman,Control,1,3.0,8.5
1idfEvYVOdwAnFe0s6KnAf,10744,Sharwoods,Control,1,2.5,8.5
37iyzxet1DU0peHCPzVeT8,10751,Sharwoods,Experiment 1,1,2.5,5.1
37iyzxet1DU0peHCPzVeT8,10765,Bens Original,Experiment 1,1,2.6,5.1
18ybVXwvJocqVubkTS2Jp7,10766,Pataks,Control,1,1.85,3.7
18ybVXwvJocqVubkTS2Jp7,10778,Pataks,Control,1,1.85,3.7
5SGKGJP39KNRO37QxrGu8n,10756,Pataks,Experiment 2,1,2.4,12.15
5SGKGJP39KNRO37QxrGu8n,10758,Pataks,Experiment 2,1,3.25,12.15
5SGKGJP39KNRO37QxrGu8n,10762,Pataks,Experiment 2,1,3.25,12.15
5SGKGJP39KNRO37QxrGu8n,10774,Pataks,Experiment 2,1,3.25,12.15
2Qkfd4rd2qfpSZqAMcNz8v,10739,Sharwoods,Control,1,2.5,8.75
2Qkfd4rd2qfpSZqAMcNz8v,10752,Pataks,Control,1,2.4,8.75
2Qkfd4rd2qfpSZqAMcNz8v,10768,The Spice Tailor,Control,1,3.85,8.75
6y9AWg4PH5PA9KfTWLsvJi,10792,Sharwoods,Experiment 2,1,2.8,2.8
2yzsL87DRLEklUrLmEvF6p,10764,Pataks,Experiment 2,1,3.0,18.6
2yzsL87DRLEklUrLmEvF6p,10772,The Spice Tailor,Experiment 2,1,3.85,18.6
2yzsL87DRLEklUrLmEvF6p,10792,Sharwoods,Experiment 2,1,2.8,18.6
2yzsL87DRLEklUrLmEvF6p,10773,The Spice Tailor,Experiment 2,1,3.85,18.6
2yzsL87DRLEklUrLmEvF6p,10760,Pataks,Experiment 2,1,1.85,18.6
2yzsL87DRLEklUrLmEvF6p,10746,Pataks,Experiment 2,1,3.25,18.6
0oHmJXObFsNZQQ6ggJNxTE,10738,Pataks,Experiment 1,1,2.4,4.8
0oHmJXObFsNZQQ6ggJNxTE,10752,Pataks,Experiment 1,1,2.4,4.8
27rAe4LMc91Bfs70QguiM8,10736,Pataks,Control,1,2.4,5.65
27rAe4LMc91Bfs70QguiM8,10762,Pataks,Control,1,3.25,5.65
4Bs1lurfKhSkCziCAsF4Gu,10790,Sharwoods,Experiment 2,1,2.8,5.3
4Bs1lurfKhSkCziCAsF4Gu,10744,Sharwoods,Experiment 2,1,2.5,5.3
5cdk2bXmdvTlnAHms5GW5L,10761,Sharwoods,Experiment 1,1,2.5,15.4
5cdk2bXmdvTlnAHms5GW5L,10753,Loyd Grossman,Experiment 1,1,3.0,15.4
5cdk2bXmdvTlnAHms5GW5L,10744,Sharwoods,Experiment 1,1,2.5,15.4
5cdk2bXmdvTlnAHms5GW5L,10743,Pataks,Experiment 1,1,2.4,15.4
5cdk2bXmdvTlnAHms5GW5L,10745,Sharwoods,Experiment 1,1,2.5,15.4
5cdk2bXmdvTlnAHms5GW5L,10739,Sharwoods,Experiment 1,1,2.5,15.4
24pagNooqVBE4z5jJygg3E,10770,Sharwoods,Experiment 2,1,2.5,5.0
24pagNooqVBE4z5jJygg3E,10759,Sharwoods,Experiment 2,1,2.5,5.0
3CzzZX4LYURWpGwrUQj5q9,10750,Pataks,Control,2,4.8,12.0
3CzzZX4LYURWpGwrUQj5q9,10757,Pataks,Control,3,7.2,12.0
1sVXKC6etFVKSsUxGhWNw9,10751,Sharwoods,Control,1,2.5,13.0
1sVXKC6etFVKSsUxGhWNw9,10782,Sharwoods,Control,1,2.8,13.0
1sVXKC6etFVKSsUxGhWNw9,10748,The Spice Tailor,Control,1,3.85,13.0
1sVXKC6etFVKSsUxGhWNw9,10749,The Spice Tailor,Control,1,3.85,13.0
51VrqU5WcWbHsaqJMiD2Tr,10777,Sharwoods,Experiment 2,1,2.5,9.15
51VrqU5WcWbHsaqJMiD2Tr,10792,Sharwoods,Experiment 2,1,2.8,9.15
51VrqU5WcWbHsaqJMiD2Tr,10747,The Spice Tailor,Experiment 2,1,3.85,9.15
5Fph1whukb4UESGloNlf8N,10750,Pataks,Experiment 2,1,2.4,5.65
5Fph1whukb4UESGloNlf8N,10762,Pataks,Experiment 2,1,3.25,5.65
0iHyCOPGPJ6DzE7BUwssrL,10759,Sharwoods,Control,1,2.5,5.1
0iHyCOPGPJ6DzE7BUwssrL,10765,Bens Original,Control,1,2.6,5.1
6yGuPL4CDmcScZKxal2Gfo,10755,Pataks,Experiment 2,1,3.25,10.95
6yGuPL4CDmcScZKxal2Gfo,10756,Pataks,Experiment 2,1,2.4,10.95
6yGuPL4CDmcScZKxal2Gfo,10783,Sharwoods,Experiment 2,1,2.8,10.95
6yGuPL4CDmcScZKxal2Gfo,10770,Sharwoods,Experiment 2,1,2.5,10.95
5crME4ZT8iF42IRg41STlo,10757,Pataks,Experiment 1,1,2.4,11.9
5crME4ZT8iF42IRg41STlo,10762,Pataks,Experiment 1,1,3.25,11.9
5crME4ZT8iF42IRg41STlo,10763,Pataks,Experiment 1,1,2.4,11.9
5crME4ZT8iF42IRg41STlo,10769,The Spice Tailor,Experiment 1,1,3.85,11.9
3g1W1UXMmjd6qr5YLSSM2r,10742,Pataks,Control,1,2.4,4.9
3g1W1UXMmjd6qr5YLSSM2r,10761,Sharwoods,Control,1,2.5,4.9
2wJy78soCoU17CwnDod8TF,10777,Sharwoods,Control,1,2.5,10.4
2wJy78soCoU17CwnDod8TF,10742,Pataks,Control,1,2.4,10.4
2wJy78soCoU17CwnDod8TF,10780,Loyd Grossman,Control,1,3.0,10.4
2wJy78soCoU17CwnDod8TF,10761,Sharwoods,Control,1,2.5,10.4
0ol84QQXT1RI1Jp52akqSi,10790,Sharwoods,Experiment 2,1,2.8,2.8
1o06SZJTuZAGWGXk102az3,10738,Pataks,Experiment 1,1,2.4,5.2
1o06SZJTuZAGWGXk102az3,10782,Sharwoods,Experiment 1,1,2.8,5.2
08ovOAPkqBLjoU56sKg1qC,10770,Sharwoods,Experiment 2,1,2.5,5.0
08ovOAPkqBLjoU56sKg1qC,10744,Sharwoods,Experiment 2,1,2.5,5.0
2z3bAEY5NfN5iNvZ8d7Xs9,10748,The Spice Tailor,Control,3,11.55,29.5
2z3bAEY5NfN5iNvZ8d7Xs9,10772,The Spice Tailor,Control,1,3.85,29.5
2z3bAEY5NfN5iNvZ8d7Xs9,10771,Loyd Grossman,Control,1,3.0,29.5
2z3bAEY5NfN5iNvZ8d7Xs9,10747,The Spice Tailor,Control,1,3.85,29.5
2z3bAEY5NfN5iNvZ8d7Xs9,10765,Bens Original,Control,1,2.6,29.5
2z3bAEY5NfN5iNvZ8d7Xs9,10782,Sharwoods,Control,1,2.8,29.5
2z3bAEY5NfN5iNvZ8d7Xs9,10760,Pataks,Control,1,1.85,29.5
2pfiEEPeXiC4iARoGB25sQ,10761,Sharwoods,Experiment 1,1,2.5,12.2
2pfiEEPeXiC4iARoGB25sQ,10742,Pataks,Experiment 1,1,2.4,12.2
2pfiEEPeXiC4iARoGB25sQ,10752,Pataks,Experiment 1,1,2.4,12.2
2pfiEEPeXiC4iARoGB25sQ,10743,Pataks,Experiment 1,1,2.4,12.2
2pfiEEPeXiC4iARoGB25sQ,10751,Sharwoods,Experiment 1,1,2.5,12.2
1VDon9bl6rH7u9IKaIAmhl,10751,Sharwoods,Experiment 1,1,2.5,6.85
1VDon9bl6rH7u9IKaIAmhl,10766,Pataks,Experiment 1,1,1.85,6.85
1VDon9bl6rH7u9IKaIAmhl,10770,Sharwoods,Experiment 1,1,2.5,6.85
0n66BGonvjg2xIYO958gs1,10756,Pataks,Experiment 2,1,2.4,9.8
0n66BGonvjg2xIYO958gs1,10745,Sharwoods,Experiment 2,2,5.0,9.8
0n66BGonvjg2xIYO958gs1,10763,Pataks,Experiment 2,1,2.4,9.8
0NfPoHo599WGnA4gKGn9CM,10752,Pataks,Experiment 2,1,2.4,10.7
0NfPoHo599WGnA4gKGn9CM,10782,Sharwoods,Experiment 2,1,2.8,10.7
0NfPoHo599WGnA4gKGn9CM,10753,Loyd Grossman,Experiment 2,1,3.0,10.7
0NfPoHo599WGnA4gKGn9CM,10776,Sharwoods,Experiment 2,1,2.5,10.7
3ms5imFEy6BTvQmrzZBpaU,10746,Pataks,Experiment 1,1,3.25,5.65
3ms5imFEy6BTvQmrzZBpaU,10750,Pataks,Experiment 1,1,2.4,5.65
2st3j2J0W19mgZ3HA73G89,10758,Pataks,Experiment 2,1,3.25,3.25
7tsmOZDBPWbhoPfcvnec0f,10786,Sharwoods,Experiment 1,2,4.0,4.0
6Rqi8CAnvIz60FkpiHD6t2,10739,Sharwoods,Control,1,2.5,14.55
6Rqi8CAnvIz60FkpiHD6t2,10765,Bens Original,Control,2,5.2,14.55
6Rqi8CAnvIz60FkpiHD6t2,10766,Pataks,Control,1,1.85,14.55
6Rqi8CAnvIz60FkpiHD6t2,10745,Sharwoods,Control,1,2.5,14.55
6Rqi8CAnvIz60FkpiHD6t2,10761,Sharwoods,Control,1,2.5,14.55
5AkyHuR60JejJyszMye4Lv,10779,The Spice Tailor,Experiment 2,5,19.25,31.45
5AkyHuR60JejJyszMye4Lv,10748,The Spice Tailor,Experiment 2,1,3.85,31.45
5AkyHuR60JejJyszMye4Lv,10777,Sharwoods,Experiment 2,1,2.5,31.45
5AkyHuR60JejJyszMye4Lv,10765,Bens Original,Experiment 2,1,2.6,31.45
5AkyHuR60JejJyszMye4Lv,10755,Pataks,Experiment 2,1,3.25,31.45
6wH9xutL07R83Fh4pZ700J,10770,Sharwoods,Experiment 2,1,2.5,11.85
6wH9xutL07R83Fh4pZ700J,10761,Sharwoods,Experiment 2,2,5.0,11.85
6wH9xutL07R83Fh4pZ700J,10766,Pataks,Experiment 2,1,1.85,11.85
6wH9xutL07R83Fh4pZ700J,10744,Sharwoods,Experiment 2,1,2.5,11.85
4X1i1fBYGPbKWrxXM0n6qd,10768,The Spice Tailor,Experiment 1,1,3.85,3.85
4VADqHGTCToCiH4EK9ymsb,10766,Pataks,Experiment 1,1,1.85,6.25
4VADqHGTCToCiH4EK9ymsb,10789,Sharwoods,Experiment 1,1,2.0,6.25
4VADqHGTCToCiH4EK9ymsb,10763,Pataks,Experiment 1,1,2.4,6.25
49fVCubJlqgLMeGkXPLZTg,10770,Sharwoods,Experiment 1,1,2.5,2.5
3WJ4iPAhkAiFAGbtBdF4wE,10767,Sharwoods,Experiment 2,1,2.5,2.5
0G6NIEstvWY7m7w32rmevg,10744,Sharwoods,Control,2,5.0,12.6
0G6NIEstvWY7m7w32rmevg,10738,Pataks,Control,1,2.4,12.6
0G6NIEstvWY7m7w32rmevg,10752,Pataks,Control,1,2.4,12.6
0G6NIEstvWY7m7w32rmevg,10782,Sharwoods,Control,1,2.8,12.6
1ogtwNXxvguFRrn23lSclj,10782,Sharwoods,Experiment 2,1,2.8,12.15
1ogtwNXxvguFRrn23lSclj,10779,The Spice Tailor,Experiment 2,1,3.85,12.15
1ogtwNXxvguFRrn23lSclj,10777,Sharwoods,Experiment 2,1,2.5,12.15
1ogtwNXxvguFRrn23lSclj,10771,Loyd Grossman,Experiment 2,1,3.0,12.15
4WBG0HA39rV2YttkqBagTZ,10782,Sharwoods,Control,1,2.8,7.9
4WBG0HA39rV2YttkqBagTZ,10751,Sharwoods,Control,1,2.5,7.9
4WBG0HA39rV2YttkqBagTZ,10765,Bens Original,Control,1,2.6,7.9
3yjRgxMsmAOtsACsXOohCQ,10742,Pataks,Experiment 1,1,2.4,4.9
3yjRgxMsmAOtsACsXOohCQ,10745,Sharwoods,Experiment 1,1,2.5,4.9
477naJxS5ERu0RG9SYAkuK,10736,Pataks,Control,1,2.4,2.4
1w6RP5xDHngUGGhB4WrqwR,10777,Sharwoods,Control,1,2.5,15.7
1w6RP5xDHngUGGhB4WrqwR,10759,Sharwoods,Control,1,2.5,15.7
1w6RP5xDHngUGGhB4WrqwR,10742,Pataks,Control,1,2.4,15.7
1w6RP5xDHngUGGhB4WrqwR,10783,Sharwoods,Control,1,2.8,15.7
1w6RP5xDHngUGGhB4WrqwR,10740,Sharwoods,Control,1,2.5,15.7
1w6RP5xDHngUGGhB4WrqwR,10780,Loyd Grossman,Control,1,3.0,15.7
79OgxZsNQkQOM2l6oO8yoh,10739,Sharwoods,Experiment 1,1,2.5,2.5
6MPGTouIGaQN4ZWlMjkBMK,10765,Bens Original,Experiment 1,1,2.6,7.8
6MPGTouIGaQN4ZWlMjkBMK,10742,Pataks,Experiment 1,1,2.4,7.8
6MPGTouIGaQN4ZWlMjkBMK,10783,Sharwoods,Experiment 1,1,2.8,7.8
4CT5eVj7xg7p3p4JUBwl6J,10736,Pataks,Control,1,2.4,5.4
4CT5eVj7xg7p3p4JUBwl6J,10764,Pataks,Control,1,3.0,5.4
6OMVvfouO57lbq0iMc4eJu,10758,Pataks,Control,1,3.25,5.65
6OMVvfouO57lbq0iMc4eJu,10742,Pataks,Control,1,2.4,5.65
39bbUBok17McqqF95hZ1in,10761,Sharwoods,Experiment 1,1,2.5,7.3
39bbUBok17McqqF95hZ1in,10736,Pataks,Experiment 1,1,2.4,7.3
39bbUBok17McqqF95hZ1in,10738,Pataks,Experiment 1,1,2.4,7.3
2FZGqZeHkKl1P9pvTnSU2k,10779,The Spice Tailor,Experiment 1,1,3.85,22.85
2FZGqZeHkKl1P9pvTnSU2k,10740,Sharwoods,Experiment 1,1,2.5,22.85
2FZGqZeHkKl1P9pvTnSU2k,10777,Sharwoods,Experiment 1,1,2.5,22.85
2FZGqZeHkKl1P9pvTnSU2k,10789,Sharwoods,Experiment 1,1,2.0,22.85
2FZGqZeHkKl1P9pvTnSU2k,10780,Loyd Grossman,Experiment 1,3,9.0,22.85
2FZGqZeHkKl1P9pvTnSU2k,10771,Loyd Grossman,Experiment 1,1,3.0,22.85
5tyOD5rnMeyKrttVa5UcqZ,10767,Sharwoods,Control,1,2.5,19.75
5tyOD5rnMeyKrttVa5UcqZ,10743,Pataks,Control,1,2.4,19.75
5tyOD5rnMeyKrttVa5UcqZ,10780,Loyd Grossman,Control,2,6.0,19.75
5tyOD5rnMeyKrttVa5UcqZ,10752,Pataks,Control,1,2.4,19.75
5tyOD5rnMeyKrttVa5UcqZ,10765,Bens Original,Control,1,2.6,19.75
5tyOD5rnMeyKrttVa5UcqZ,10749,The Spice Tailor,Control,1,3.85,19.75
7ugpLqJe10ImBwAK1IHebg,10742,Pataks,Control,1,2.4,10.1
7ugpLqJe10ImBwAK1IHebg,10772,The Spice Tailor,Control,1,3.85,10.1
7ugpLqJe10ImBwAK1IHebg,10748,The Spice Tailor,Control,1,3.85,10.1
0wUSWSaQaPaQc4pbYdcuc9,10793,Sharwoods,Experiment 2,1,2.8,8.8
0wUSWSaQaPaQc4pbYdcuc9,10780,Loyd Grossman,Experiment 2,1,3.0,8.8
0wUSWSaQaPaQc4pbYdcuc9,10771,Loyd Grossman,Experiment 2,1,3.0,8.8
3Jdkm0d4I6JlVHgAH3AenN,10751,Sharwoods,Experiment 2,1,2.5,13.2
3Jdkm0d4I6JlVHgAH3AenN,10770,Sharwoods,Experiment 2,1,2.5,13.2
3Jdkm0d4I6JlVHgAH3AenN,10790,Sharwoods,Experiment 2,2,5.6,13.2
3Jdkm0d4I6JlVHgAH3AenN,10765,Bens Original,Experiment 2,1,2.6,13.2
32OUjPqWJjOZKzUve3jI3t,10793,Sharwoods,Experiment 2,1,2.8,5.8
32OUjPqWJjOZKzUve3jI3t,10780,Loyd Grossman,Experiment 2,1,3.0,5.8
1LZia0u0iCLXwiWsjqFHqH,10751,Sharwoods,Control,1,2.5,13.85
1LZia0u0iCLXwiWsjqFHqH,10777,Sharwoods,Control,1,2.5,13.85
1LZia0u0iCLXwiWsjqFHqH,10782,Sharwoods,Control,2,5.6,13.85
1LZia0u0iCLXwiWsjqFHqH,10774,Pataks,Control,1,3.25,13.85
6QGgoOrHCKOX8QbWBMRdGe,10761,Sharwoods,Control,1,2.5,13.15
6QGgoOrHCKOX8QbWBMRdGe,10777,Sharwoods,Control,1,2.5,13.15
6QGgoOrHCKOX8QbWBMRdGe,10746,Pataks,Control,1,3.25,13.15
6QGgoOrHCKOX8QbWBMRdGe,10752,Pataks,Control,1,2.4,13.15
6QGgoOrHCKOX8QbWBMRdGe,10740,Sharwoods,Control,1,2.5,13.15
6pWsrYPdLbacC1JaHsqlFv,10772,The Spice Tailor,Experiment 2,2,7.7,20.0
6pWsrYPdLbacC1JaHsqlFv,10738,Pataks,Experiment 2,1,2.4,20.0
6pWsrYPdLbacC1JaHsqlFv,10793,Sharwoods,Experiment 2,1,2.8,20.0
6pWsrYPdLbacC1JaHsqlFv,10762,Pataks,Experiment 2,1,3.25,20.0
6pWsrYPdLbacC1JaHsqlFv,10779,The Spice Tailor,Experiment 2,1,3.85,20.0
74WEODyP7JKALzWDQ3y1Bz,10777,Sharwoods,Experiment 2,1,2.5,2.5
1nGpedeW5YyzNnMlXRkrws,10736,Pataks,Control,2,4.8,15.7
1nGpedeW5YyzNnMlXRkrws,10771,Loyd Grossman,Control,1,3.0,15.7
1nGpedeW5YyzNnMlXRkrws,10765,Bens Original,Control,1,2.6,15.7
1nGpedeW5YyzNnMlXRkrws,10784,Sharwoods,Control,1,2.8,15.7
1nGpedeW5YyzNnMlXRkrws,10777,Sharwoods,Control,1,2.5,15.7
3xCXvYt8r2cr2C6F85OlLu,10779,The Spice Tailor,Experiment 1,1,3.85,11.55
3xCXvYt8r2cr2C6F85OlLu,10748,The Spice Tailor,Experiment 1,1,3.85,11.55
3xCXvYt8r2cr2C6F85OlLu,10772,The Spice Tailor,Experiment 1,1,3.85,11.55
6uYXtuAI7IXGj4b3KHLssW,10764,Pataks,Control,1,3.0,8.7
6uYXtuAI7IXGj4b3KHLssW,10760,Pataks,Control,1,1.85,8.7
6uYXtuAI7IXGj4b3KHLssW,10773,The Spice Tailor,Control,1,3.85,8.7
1DV62Jg9exsqyap4Pk6tfP,10761,Sharwoods,Experiment 2,1,2.5,5.0
1DV62Jg9exsqyap4Pk6tfP,10770,Sharwoods,Experiment 2,1,2.5,5.0
7xxuIWXU6OIlHfpPHOVDXu,10773,The Spice Tailor,Control,1,3.85,12.6
7xxuIWXU6OIlHfpPHOVDXu,10776,Sharwoods,Control,1,2.5,12.6
7xxuIWXU6OIlHfpPHOVDXu,10747,The Spice Tailor,Control,1,3.85,12.6
7xxuIWXU6OIlHfpPHOVDXu,10757,Pataks,Control,1,2.4,12.6
7Dv8EGRiH1fgA5E7vOE56L,10752,Pataks,Experiment 2,1,2.4,4.8
7Dv8EGRiH1fgA5E7vOE56L,10743,Pataks,Experiment 2,1,2.4,4.8
1qvCqjRQHlKZHgsPKDpRUx,10740,Sharwoods,Experiment 1,2,5.0,13.25
1qvCqjRQHlKZHgsPKDpRUx,10788,Sharwoods,Experiment 1,1,2.0,13.25
1qvCqjRQHlKZHgsPKDpRUx,10760,Pataks,Experiment 1,1,1.85,13.25
1qvCqjRQHlKZHgsPKDpRUx,10787,Sharwoods,Experiment 1,1,2.0,13.25
1qvCqjRQHlKZHgsPKDpRUx,10736,Pataks,Experiment 1,1,2.4,13.25
5VVV9WpYXTkekxxt0VE4m3,10752,Pataks,Control,1,2.4,4.25
5VVV9WpYXTkekxxt0VE4m3,10778,Pataks,Control,1,1.85,4.25
2J0E3kVNtnqCUXYf5hoG1x,10738,Pataks,Experiment 1,1,2.4,4.8
2J0E3kVNtnqCUXYf5hoG1x,10757,Pataks,Experiment 1,1,2.4,4.8
3QIjCaQ5F3wBlwvprAvlpi,10759,Sharwoods,Experiment 1,1,2.5,7.4
3QIjCaQ5F3wBlwvprAvlpi,10751,Sharwoods,Experiment 1,1,2.5,7.4
3QIjCaQ5F3wBlwvprAvlpi,10757,Pataks,Experiment 1,1,2.4,7.4
1bMMnCN0UZAK8xnP9lPe5w,10752,Pataks,Experiment 2,1,2.4,5.0
1bMMnCN0UZAK8xnP9lPe5w,10765,Bens Original,Experiment 2,1,2.6,5.0
37gpixTj61D3oU6pKdoKbH,10765,Bens Original,Experiment 2,1,2.6,8.1
37gpixTj61D3oU6pKdoKbH,10780,Loyd Grossman,Experiment 2,1,3.0,8.1
37gpixTj61D3oU6pKdoKbH,10770,Sharwoods,Experiment 2,1,2.5,8.1
1QMSITPEMrtX0ufLoZOPjS,10778,Pataks,Experiment 2,1,1.85,4.25
1QMSITPEMrtX0ufLoZOPjS,10752,Pataks,Experiment 2,1,2.4,4.25
4VPMI7NcTwedXwjHoMFyo4,10756,Pataks,Experiment 2,1,2.4,7.5
4VPMI7NcTwedXwjHoMFyo4,10758,Pataks,Experiment 2,1,3.25,7.5
4VPMI7NcTwedXwjHoMFyo4,10766,Pataks,Experiment 2,1,1.85,7.5
2JX97DWxCmEIJlukRRFkq7,10740,Sharwoods,Control,1,2.5,10.2
2JX97DWxCmEIJlukRRFkq7,10748,The Spice Tailor,Control,1,3.85,10.2
2JX97DWxCmEIJlukRRFkq7,10749,The Spice Tailor,Control,1,3.85,10.2
3BIzhzhWxsrQcXjeTxFhHw,10752,Pataks,Experiment 1,1,2.4,2.4
4MPV5XZuAAa1oCvwjk0rZx,10761,Sharwoods,Experiment 1,1,2.5,2.5
2p2IJVOGcEbgUHMWKA6a3J,10736,Pataks,Experiment 2,1,2.4,13.2
2p2IJVOGcEbgUHMWKA6a3J,10742,Pataks,Experiment 2,1,2.4,13.2
2p2IJVOGcEbgUHMWKA6a3J,10782,Sharwoods,Experiment 2,2,5.6,13.2
2p2IJVOGcEbgUHMWKA6a3J,10792,Sharwoods,Experiment 2,1,2.8,13.2
1G5gEGoutbsuJHjwn0w1oX,10782,Sharwoods,Control,1,2.8,8.6
1G5gEGoutbsuJHjwn0w1oX,10764,Pataks,Control,1,3.0,8.6
1G5gEGoutbsuJHjwn0w1oX,10784,Sharwoods,Control,1,2.8,8.6
2QInASRZXCVnb1t8TV57C9,10745,Sharwoods,Control,1,2.5,10.6
2QInASRZXCVnb1t8TV57C9,10751,Sharwoods,Control,1,2.5,10.6
2QInASRZXCVnb1t8TV57C9,10765,Bens Original,Control,1,2.6,10.6
2QInASRZXCVnb1t8TV57C9,10780,Loyd Grossman,Control,1,3.0,10.6
40JAudKF7Yhdb1pjuDsvoq,10790,Sharwoods,Experiment 2,1,2.8,14.35
40JAudKF7Yhdb1pjuDsvoq,10740,Sharwoods,Experiment 2,1,2.5,14.35
40JAudKF7Yhdb1pjuDsvoq,10757,Pataks,Experiment 2,1,2.4,14.35
40JAudKF7Yhdb1pjuDsvoq,10791,Sharwoods,Experiment 2,1,2.8,14.35
40JAudKF7Yhdb1pjuDsvoq,10773,The Spice Tailor,Experiment 2,1,3.85,14.35
3Lpa8sw55GyDtg9APKSnd3,10743,Pataks,Experiment 1,1,2.4,2.4
5APcaaAyPk7nzY9HLIM13X,10744,Sharwoods,Control,1,2.5,10.7
5APcaaAyPk7nzY9HLIM13X,10736,Pataks,Control,1,2.4,10.7
5APcaaAyPk7nzY9HLIM13X,10764,Pataks,Control,1,3.0,10.7
5APcaaAyPk7nzY9HLIM13X,10783,Sharwoods,Control,1,2.8,10.7
0zp6lHF5N0EicyufwEsYTk,10769,The Spice Tailor,Experiment 2,1,3.85,6.65
0zp6lHF5N0EicyufwEsYTk,10793,Sharwoods,Experiment 2,1,2.8,6.65
7aUOgfnpBJsm2TbDEiEZmq,10742,Pataks,Experiment 1,1,2.4,16.25
7aUOgfnpBJsm2TbDEiEZmq,10765,Bens Original,Experiment 1,1,2.6,16.25
7aUOgfnpBJsm2TbDEiEZmq,10787,Sharwoods,Experiment 1,1,2.0,16.25
7aUOgfnpBJsm2TbDEiEZmq,10763,Pataks,Experiment 1,1,2.4,16.25
7aUOgfnpBJsm2TbDEiEZmq,10778,Pataks,Experiment 1,1,1.85,16.25
7aUOgfnpBJsm2TbDEiEZmq,10776,Sharwoods,Experiment 1,1,2.5,16.25
7aUOgfnpBJsm2TbDEiEZmq,10745,Sharwoods,Experiment 1,1,2.5,16.25
3Y1wy6iJBffaRlYErPy2Ip,10743,Pataks,Control,2,4.8,9.7
3Y1wy6iJBffaRlYErPy2Ip,10761,Sharwoods,Control,1,2.5,9.7
3Y1wy6iJBffaRlYErPy2Ip,10736,Pataks,Control,1,2.4,9.7
22i1lQuVdfzqMtF5aezO49,10745,Sharwoods,Experiment 2,1,2.5,6.35
22i1lQuVdfzqMtF5aezO49,10768,The Spice Tailor,Experiment 2,1,3.85,6.35
2u15jGO30vbhvGL1ywtzRB,10754,The Spice Tailor,Control,1,3.85,15.4
2u15jGO30vbhvGL1ywtzRB,10749,The Spice Tailor,Control,1,3.85,15.4
2u15jGO30vbhvGL1ywtzRB,10779,The Spice Tailor,Control,1,3.85,15.4
2u15jGO30vbhvGL1ywtzRB,10748,The Spice Tailor,Control,1,3.85,15.4
4odo545xfCbNVcpfKkZXdl,10756,Pataks,Experiment 1,1,2.4,22.3
4odo545xfCbNVcpfKkZXdl,10750,Pataks,Experiment 1,2,4.8,22.3
4odo545xfCbNVcpfKkZXdl,10776,Sharwoods,Experiment 1,1,2.5,22.3
4odo545xfCbNVcpfKkZXdl,10745,Sharwoods,Experiment 1,1,2.5,22.3
4odo545xfCbNVcpfKkZXdl,10779,The Spice Tailor,Experiment 1,1,3.85,22.3
4odo545xfCbNVcpfKkZXdl,10748,The Spice Tailor,Experiment 1,1,3.85,22.3
4odo545xfCbNVcpfKkZXdl,10743,Pataks,Experiment 1,1,2.4,22.3
2pkZFSStlmYPxFZq9kUz1T,10743,Pataks,Experiment 2,1,2.4,6.25
2pkZFSStlmYPxFZq9kUz1T,10772,The Spice Tailor,Experiment 2,1,3.85,6.25
2xlAkzRiAtfWuUwtheqJOC,10745,Sharwoods,Experiment 1,1,2.5,5.1
2xlAkzRiAtfWuUwtheqJOC,10765,Bens Original,Experiment 1,1,2.6,5.1
2oLivzUcWNj1k3VYnsgQ7f,10754,The Spice Tailor,Experiment 1,1,3.85,3.85
2HZoSJykqlMfrj0bxe56Vh,10781,Sharwoods,Control,1,2.8,7.7
2HZoSJykqlMfrj0bxe56Vh,10738,Pataks,Control,1,2.4,7.7
2HZoSJykqlMfrj0bxe56Vh,10776,Sharwoods,Control,1,2.5,7.7
3ll8aHKb7wuWChpJtzqxx8,10745,Sharwoods,Experiment 1,1,2.5,4.9
3ll8aHKb7wuWChpJtzqxx8,10743,Pataks,Experiment 1,1,2.4,4.9
4JnefrJOIhksTXZsJVDa2J,10763,Pataks,Experiment 1,1,2.4,2.4
1DnIeDF4bNfzsh4rkGHm01,10782,Sharwoods,Control,1,2.8,14.35
1DnIeDF4bNfzsh4rkGHm01,10747,The Spice Tailor,Control,2,7.7,14.35
1DnIeDF4bNfzsh4rkGHm01,10773,The Spice Tailor,Control,1,3.85,14.35
3HDygYKztT8ESBL03gSklW,10751,Sharwoods,Experiment 2,1,2.5,14.9
3HDygYKztT8ESBL03gSklW,10770,Sharwoods,Experiment 2,1,2.5,14.9
3HDygYKztT8ESBL03gSklW,10742,Pataks,Experiment 2,1,2.4,14.9
3HDygYKztT8ESBL03gSklW,10745,Sharwoods,Experiment 2,2,5.0,14.9
3HDygYKztT8ESBL03gSklW,10740,Sharwoods,Experiment 2,1,2.5,14.9
3Z0njTMdTL5kHAiV358iUe,10761,Sharwoods,Experiment 1,1,2.5,5.1
3Z0njTMdTL5kHAiV358iUe,10765,Bens Original,Experiment 1,1,2.6,5.1
2A1GmmPcibRNgxFy78KAT0,10752,Pataks,Control,1,2.4,2.4
1lRShoFMZkzf8FaSZCHGzJ,10739,Sharwoods,Experiment 1,1,2.5,2.5
247aPvixUqT65ac04ETGDk,10765,Bens Original,Control,1,2.6,5.0
247aPvixUqT65ac04ETGDk,10743,Pataks,Control,1,2.4,5.0
4C4DZLwaBDYpUDjxVdRQvM,10772,The Spice Tailor,Control,1,3.85,3.85
7ho4qm9dOlQk1e37zg9jp0,10744,Sharwoods,Experiment 2,3,7.5,16.75
7ho4qm9dOlQk1e37zg9jp0,10757,Pataks,Experiment 2,1,2.4,16.75
7ho4qm9dOlQk1e37zg9jp0,10748,The Spice Tailor,Experiment 2,1,3.85,16.75
7ho4qm9dOlQk1e37zg9jp0,10771,Loyd Grossman,Experiment 2,1,3.0,16.75
1HpuvgXqEkdUgV5hn3jRdX,10751,Sharwoods,Control,1,2.5,2.5
0xlfiUhSRE66HlbR0yBhcT,10762,Pataks,Control,1,3.25,24.85
0xlfiUhSRE66HlbR0yBhcT,10767,Sharwoods,Control,1,2.5,24.85
0xlfiUhSRE66HlbR0yBhcT,10758,Pataks,Control,1,3.25,24.85
0xlfiUhSRE66HlbR0yBhcT,10750,Pataks,Control,1,2.4,24.85
0xlfiUhSRE66HlbR0yBhcT,10756,Pataks,Control,1,2.4,24.85
0xlfiUhSRE66HlbR0yBhcT,10747,The Spice Tailor,Control,1,3.85,24.85
0xlfiUhSRE66HlbR0yBhcT,10736,Pataks,Control,2,4.8,24.85
0xlfiUhSRE66HlbR0yBhcT,10743,Pataks,Control,1,2.4,24.85
2xP2tdT9i9RBB7jNuWkKXv,10784,Sharwoods,Experiment 1,1,2.8,10.3
2xP2tdT9i9RBB7jNuWkKXv,10777,Sharwoods,Experiment 1,1,2.5,10.3
2xP2tdT9i9RBB7jNuWkKXv,10745,Sharwoods,Experiment 1,1,2.5,10.3
2xP2tdT9i9RBB7jNuWkKXv,10739,Sharwoods,Experiment 1,1,2.5,10.3
5PTpr5z6Eidw3nsaXb8JSH,10756,Pataks,Experiment 1,1,2.4,7.3
5PTpr5z6Eidw3nsaXb8JSH,10763,Pataks,Experiment 1,1,2.4,7.3
5PTpr5z6Eidw3nsaXb8JSH,10761,Sharwoods,Experiment 1,1,2.5,7.3
57JLFxJ4U2yhWXiKIgYVkz,10746,Pataks,Experiment 2,1,3.25,8.9
57JLFxJ4U2yhWXiKIgYVkz,10758,Pataks,Experiment 2,1,3.25,8.9
57JLFxJ4U2yhWXiKIgYVkz,10752,Pataks,Experiment 2,1,2.4,8.9
4RDtAUY7KRMpY0AEDgp8RV,10743,Pataks,Control,2,4.8,11.3
4RDtAUY7KRMpY0AEDgp8RV,10755,Pataks,Control,1,3.25,11.3
4RDtAUY7KRMpY0AEDgp8RV,10746,Pataks,Control,1,3.25,11.3
4inbMF8vdzd95tCmnMceu3,10770,Sharwoods,Control,1,2.5,5.0
4inbMF8vdzd95tCmnMceu3,10745,Sharwoods,Control,1,2.5,5.0
1Uq7giBCUeXE2P1khJtWze,10736,Pataks,Experiment 1,1,2.4,17.8
1Uq7giBCUeXE2P1khJtWze,10748,The Spice Tailor,Experiment 1,1,3.85,17.8
1Uq7giBCUeXE2P1khJtWze,10779,The Spice Tailor,Experiment 1,1,3.85,17.8
1Uq7giBCUeXE2P1khJtWze,10749,The Spice Tailor,Experiment 1,1,3.85,17.8
1Uq7giBCUeXE2P1khJtWze,10747,The Spice Tailor,Experiment 1,1,3.85,17.8
30N8Apqi1ldPGBAkS54VfG,10770,Sharwoods,Control,1,2.5,22.3
30N8Apqi1ldPGBAkS54VfG,10754,The Spice Tailor,Control,1,3.85,22.3
30N8Apqi1ldPGBAkS54VfG,10759,Sharwoods,Control,1,2.5,22.3
30N8Apqi1ldPGBAkS54VfG,10748,The Spice Tailor,Control,1,3.85,22.3
30N8Apqi1ldPGBAkS54VfG,10740,Sharwoods,Control,1,2.5,22.3
30N8Apqi1ldPGBAkS54VfG,10749,The Spice Tailor,Control,1,3.85,22.3
30N8Apqi1ldPGBAkS54VfG,10755,Pataks,Control,1,3.25,22.3
2RZsB3BBKZ5JO1dN4AFj5d,10742,Pataks,Experiment 2,1,2.4,5.4
2RZsB3BBKZ5JO1dN4AFj5d,10780,Loyd Grossman,Experiment 2,1,3.0,5.4
6a9AGVOBq6Hh0hIudT7hBp,10746,Pataks,Experiment 2,2,6.5,16.0
6a9AGVOBq6Hh0hIudT7hBp,10752,Pataks,Experiment 2,1,2.4,16.0
6a9AGVOBq6Hh0hIudT7hBp,10755,Pataks,Experiment 2,1,3.25,16.0
6a9AGVOBq6Hh0hIudT7hBp,10747,The Spice Tailor,Experiment 2,1,3.85,16.0
2tRnM2WKaTTYRqKNz74fRd,10783,Sharwoods,Control,1,2.8,9.15
2tRnM2WKaTTYRqKNz74fRd,10754,The Spice Tailor,Control,1,3.85,9.15
2tRnM2WKaTTYRqKNz74fRd,10770,Sharwoods,Control,1,2.5,9.15
5xjQyPrseD3MTFoT0vWys4,10772,The Spice Tailor,Experiment 1,1,3.85,25.35
5xjQyPrseD3MTFoT0vWys4,10787,Sharwoods,Experiment 1,1,2.0,25.35
5xjQyPrseD3MTFoT0vWys4,10747,The Spice Tailor,Experiment 1,1,3.85,25.35
5xjQyPrseD3MTFoT0vWys4,10752,Pataks,Experiment 1,1,2.4,25.35
5xjQyPrseD3MTFoT0vWys4,10753,Loyd Grossman,Experiment 1,1,3.0,25.35
5xjQyPrseD3MTFoT0vWys4,10765,Bens Original,Experiment 1,1,2.6,25.35
5xjQyPrseD3MTFoT0vWys4,10781,Sharwoods,Experiment 1,1,2.8,25.35
5xjQyPrseD3MTFoT0vWys4,10771,Loyd Grossman,Experiment 1,1,3.0,25.35
5xjQyPrseD3MTFoT0vWys4,10760,Pataks,Experiment 1,1,1.85,25.35
6W7jWpX85dOKYHjJxuvxoF,10777,Sharwoods,Experiment 1,1,2.5,9.75
6W7jWpX85dOKYHjJxuvxoF,10738,Pataks,Experiment 1,1,2.4,9.75
6W7jWpX85dOKYHjJxuvxoF,10766,Pataks,Experiment 1,1,1.85,9.75
6W7jWpX85dOKYHjJxuvxoF,10753,Loyd Grossman,Experiment 1,1,3.0,9.75
1jb8METOBF2yko76pZSCXg,10776,Sharwoods,Experiment 1,1,2.5,9.3
1jb8METOBF2yko76pZSCXg,10786,Sharwoods,Experiment 1,1,2.0,9.3
1jb8METOBF2yko76pZSCXg,10788,Sharwoods,Experiment 1,1,2.0,9.3
1jb8METOBF2yko76pZSCXg,10781,Sharwoods,Experiment 1,1,2.8,9.3
5AKxonqUnmxk5ZtrdcbeHe,10778,Pataks,Experiment 2,1,1.85,4.25
5AKxonqUnmxk5ZtrdcbeHe,10738,Pataks,Experiment 2,1,2.4,4.25
7DhbnpsntD8KarIA7kFN9G,10787,Sharwoods,Experiment 1,1,2.0,4.8
7DhbnpsntD8KarIA7kFN9G,10784,Sharwoods,Experiment 1,1,2.8,4.8
0EtRj8EvJCcRq3zxe4KGff,10763,Pataks,Control,1,2.4,4.9
0EtRj8EvJCcRq3zxe4KGff,10770,Sharwoods,Control,1,2.5,4.9
4tlqtHXOFDpHyAvUUlUw5g,10742,Pataks,Control,4,9.6,17.6
4tlqtHXOFDpHyAvUUlUw5g,10753,Loyd Grossman,Control,1,3.0,17.6
4tlqtHXOFDpHyAvUUlUw5g,10765,Bens Original,Control,1,2.6,17.6
4tlqtHXOFDpHyAvUUlUw5g,10743,Pataks,Control,1,2.4,17.6
73s4tdlkoQ6ZsVwWffcpxe,10736,Pataks,Experiment 1,1,2.4,4.8
73s4tdlkoQ6ZsVwWffcpxe,10738,Pataks,Experiment 1,1,2.4,4.8
4lN5Q710lBMXdMGqpVS5IH,10765,Bens Original,Experiment 1,1,2.6,9.9
4lN5Q710lBMXdMGqpVS5IH,10743,Pataks,Experiment 1,1,2.4,9.9
4lN5Q710lBMXdMGqpVS5IH,10756,Pataks,Experiment 1,1,2.4,9.9
4lN5Q710lBMXdMGqpVS5IH,10761,Sharwoods,Experiment 1,1,2.5,9.9
2CyFZXCMCn5duod8BYGGif,10770,Sharwoods,Experiment 2,1,2.5,7.7
2CyFZXCMCn5duod8BYGGif,10784,Sharwoods,Experiment 2,1,2.8,7.7
2CyFZXCMCn5duod8BYGGif,10738,Pataks,Experiment 2,1,2.4,7.7
0Bc2zwxYIEiaumrULwxIkb,10765,Bens Original,Experiment 2,1,2.6,9.45
0Bc2zwxYIEiaumrULwxIkb,10760,Pataks,Experiment 2,1,1.85,9.45
0Bc2zwxYIEiaumrULwxIkb,10776,Sharwoods,Experiment 2,1,2.5,9.45
0Bc2zwxYIEiaumrULwxIkb,10751,Sharwoods,Experiment 2,1,2.5,9.45
7zpk119cDJ5dF0VGlb3mtH,10746,Pataks,Experiment 1,1,3.25,5.75
7zpk119cDJ5dF0VGlb3mtH,10761,Sharwoods,Experiment 1,1,2.5,5.75
2vYY9J9VFdRKp8OXnbdWoh,10776,Sharwoods,Control,1,2.5,9.35
2vYY9J9VFdRKp8OXnbdWoh,10780,Loyd Grossman,Control,1,3.0,9.35
2vYY9J9VFdRKp8OXnbdWoh,10747,The Spice Tailor,Control,1,3.85,9.35
4kvkuZ2paZbJCHNocdG09Q,10736,Pataks,Experiment 1,1,2.4,2.4
3FP3FuRM6CNK62CH388HRB,10760,Pataks,Experiment 2,1,1.85,4.35
3FP3FuRM6CNK62CH388HRB,10740,Sharwoods,Experiment 2,1,2.5,4.35
1tZYFPLUPD1Q6tzLOx8m8A,10751,Sharwoods,Experiment 1,1,2.5,5.5
1tZYFPLUPD1Q6tzLOx8m8A,10771,Loyd Grossman,Experiment 1,1,3.0,5.5
4nN5ABpvM8OC8eHye3nPbP,10752,Pataks,Experiment 2,1,2.4,2.4
4tc1K6tLS6FAkuMffpnmjJ,10740,Sharwoods,Experiment 1,1,2.5,2.5
0vvvN867yyq3y91N8SqC9Y,10742,Pataks,Experiment 2,1,2.4,2.4
0A0XeZDBsSSDMaHZSd1l4L,10765,Bens Original,Experiment 2,1,2.6,9.7
0A0XeZDBsSSDMaHZSd1l4L,10774,Pataks,Experiment 2,1,3.25,9.7
0A0XeZDBsSSDMaHZSd1l4L,10769,The Spice Tailor,Experiment 2,1,3.85,9.7
5jIZcTkYizfsYK2fETB7V5,10746,Pataks,Experiment 1,1,3.25,15.65
5jIZcTkYizfsYK2fETB7V5,10765,Bens Original,Experiment 1,1,2.6,15.65
5jIZcTkYizfsYK2fETB7V5,10777,Sharwoods,Experiment 1,1,2.5,15.65
5jIZcTkYizfsYK2fETB7V5,10740,Sharwoods,Experiment 1,1,2.5,15.65
5jIZcTkYizfsYK2fETB7V5,10763,Pataks,Experiment 1,1,2.4,15.65
5jIZcTkYizfsYK2fETB7V5,10743,Pataks,Experiment 1,1,2.4,15.65
7Kxun5lAyUKPhTiVS8iEX4,10756,Pataks,Control,1,2.4,16.85
7Kxun5lAyUKPhTiVS8iEX4,10751,Sharwoods,Control,1,2.5,16.85
7Kxun5lAyUKPhTiVS8iEX4,10766,Pataks,Control,1,1.85,16.85
7Kxun5lAyUKPhTiVS8iEX4,10749,The Spice Tailor,Control,1,3.85,16.85
7Kxun5lAyUKPhTiVS8iEX4,10779,The Spice Tailor,Control,1,3.85,16.85
7Kxun5lAyUKPhTiVS8iEX4,10743,Pataks,Control,1,2.4,16.85
6jVjQ092VtAODPFWDvwKgg,10777,Sharwoods,Experiment 2,1,2.5,5.3
6jVjQ092VtAODPFWDvwKgg,10793,Sharwoods,Experiment 2,1,2.8,5.3
2EW8nno3eqmpwhlK518NWA,10777,Sharwoods,Control,1,2.5,9.7
2EW8nno3eqmpwhlK518NWA,10738,Pataks,Control,1,2.4,9.7
2EW8nno3eqmpwhlK518NWA,10763,Pataks,Control,1,2.4,9.7
2EW8nno3eqmpwhlK518NWA,10752,Pataks,Control,1,2.4,9.7
69qUSw6n1OERGSjzX7JkUf,10773,The Spice Tailor,Control,1,3.85,16.05
69qUSw6n1OERGSjzX7JkUf,10759,Sharwoods,Control,1,2.5,16.05
69qUSw6n1OERGSjzX7JkUf,10779,The Spice Tailor,Control,1,3.85,16.05
69qUSw6n1OERGSjzX7JkUf,10746,Pataks,Control,1,3.25,16.05
69qUSw6n1OERGSjzX7JkUf,10765,Bens Original,Control,1,2.6,16.05
7vy978nz7ZFTveSk65ez1v,10738,Pataks,Experiment 2,1,2.4,9.05
7vy978nz7ZFTveSk65ez1v,10747,The Spice Tailor,Experiment 2,1,3.85,9.05
7vy978nz7ZFTveSk65ez1v,10781,Sharwoods,Experiment 2,1,2.8,9.05
2HfpWkYLX6DpZbVHZoMfPs,10760,Pataks,Experiment 1,1,1.85,35.0
2HfpWkYLX6DpZbVHZoMfPs,10763,Pataks,Experiment 1,12,28.8,35.0
2HfpWkYLX6DpZbVHZoMfPs,10740,Sharwoods,Experiment 1,1,2.5,35.0
2HfpWkYLX6DpZbVHZoMfPs,10778,Pataks,Experiment 1,1,1.85,35.0
0jujdFrzYLfJj1BAJyChcn,10761,Sharwoods,Experiment 1,1,2.5,12.5
0jujdFrzYLfJj1BAJyChcn,10767,Sharwoods,Experiment 1,1,2.5,12.5
0jujdFrzYLfJj1BAJyChcn,10751,Sharwoods,Experiment 1,1,2.5,12.5
0jujdFrzYLfJj1BAJyChcn,10770,Sharwoods,Experiment 1,2,5.0,12.5
0OmUSqxCXtUWLpZGjUjqCt,10781,Sharwoods,Control,1,2.8,43.25
0OmUSqxCXtUWLpZGjUjqCt,10757,Pataks,Control,1,2.4,43.25
0OmUSqxCXtUWLpZGjUjqCt,10772,The Spice Tailor,Control,1,3.85,43.25
0OmUSqxCXtUWLpZGjUjqCt,10780,Loyd Grossman,Control,1,3.0,43.25
0OmUSqxCXtUWLpZGjUjqCt,10765,Bens Original,Control,12,31.2,43.25
07HIQCmOcsJE3CWpRLrxv5,10742,Pataks,Control,1,2.4,2.4
3mH0LFi4BrDkCCFqFuYXWf,10745,Sharwoods,Experiment 1,1,2.5,15.0
3mH0LFi4BrDkCCFqFuYXWf,10743,Pataks,Experiment 1,1,2.4,15.0
3mH0LFi4BrDkCCFqFuYXWf,10777,Sharwoods,Experiment 1,1,2.5,15.0
3mH0LFi4BrDkCCFqFuYXWf,10761,Sharwoods,Experiment 1,1,2.5,15.0
3mH0LFi4BrDkCCFqFuYXWf,10770,Sharwoods,Experiment 1,1,2.5,15.0
3mH0LFi4BrDkCCFqFuYXWf,10765,Bens Original,Experiment 1,1,2.6,15.0
22rV4FyOWMJdccP0oebs4k,10752,Pataks,Control,1,2.4,8.65
22rV4FyOWMJdccP0oebs4k,10763,Pataks,Control,1,2.4,8.65
22rV4FyOWMJdccP0oebs4k,10747,The Spice Tailor,Control,1,3.85,8.65
4qU8ex8ECLiI1G0HEHaCSm,10782,Sharwoods,Experiment 2,1,2.8,2.8
2dpS1lPPm7rJQwv9wwKGzd,10758,Pataks,Experiment 2,1,3.25,9.0
2dpS1lPPm7rJQwv9wwKGzd,10751,Sharwoods,Experiment 2,1,2.5,9.0
2dpS1lPPm7rJQwv9wwKGzd,10746,Pataks,Experiment 2,1,3.25,9.0
5SxSM47q71RpgMHLkEzeAV,10754,The Spice Tailor,Experiment 2,1,3.85,7.1
5SxSM47q71RpgMHLkEzeAV,10758,Pataks,Experiment 2,1,3.25,7.1
0UP02fTv5xUNg0EbXyhZxh,10745,Sharwoods,Experiment 2,1,2.5,5.5
0UP02fTv5xUNg0EbXyhZxh,10771,Loyd Grossman,Experiment 2,1,3.0,5.5
0hLnhCGLXzVFayqJ4U4feq,10743,Pataks,Experiment 2,2,4.8,13.4
0hLnhCGLXzVFayqJ4U4feq,10771,Loyd Grossman,Experiment 2,1,3.0,13.4
0hLnhCGLXzVFayqJ4U4feq,10791,Sharwoods,Experiment 2,1,2.8,13.4
0hLnhCGLXzVFayqJ4U4feq,10783,Sharwoods,Experiment 2,1,2.8,13.4
25AWkFkTGyecF9uwODn83o,10769,The Spice Tailor,Control,1,3.85,11.55
25AWkFkTGyecF9uwODn83o,10748,The Spice Tailor,Control,1,3.85,11.55
25AWkFkTGyecF9uwODn83o,10747,The Spice Tailor,Control,1,3.85,11.55
037NoAJr6OktXc4VAqufYL,10756,Pataks,Control,2,4.8,6.65
037NoAJr6OktXc4VAqufYL,10778,Pataks,Control,1,1.85,6.65
6Sny8QQsaBNjCddhOCH1Py,10760,Pataks,Experiment 1,1,1.85,8.65
6Sny8QQsaBNjCddhOCH1Py,10742,Pataks,Experiment 1,2,4.8,8.65
6Sny8QQsaBNjCddhOCH1Py,10786,Sharwoods,Experiment 1,1,2.0,8.65
3osdkMqPCbp38N2ApLRrvQ,10757,Pataks,Control,1,2.4,4.8
3osdkMqPCbp38N2ApLRrvQ,10738,Pataks,Control,1,2.4,4.8
7z1mYSMl0qTJvnjc2AEjqI,10788,Sharwoods,Experiment 1,1,4.0,28.5
7z1mYSMl0qTJvnjc2AEjqI,10752,Pataks,Experiment 1,2,7.2,28.5
7z1mYSMl0qTJvnjc2AEjqI,10770,Sharwoods,Experiment 1,2,7.5,28.5
7z1mYSMl0qTJvnjc2AEjqI,10763,Pataks,Experiment 1,1,2.4,28.5
7z1mYSMl0qTJvnjc2AEjqI,10740,Sharwoods,Experiment 1,1,2.5,28.5
7z1mYSMl0qTJvnjc2AEjqI,10745,Sharwoods,Experiment 1,1,2.5,28.5
7z1mYSMl0qTJvnjc2AEjqI,10736,Pataks,Experiment 1,1,2.4,28.5
5bG8W9GUcKo7nwhwSW0htU,10767,Sharwoods,Experiment 1,1,2.5,4.9
5bG8W9GUcKo7nwhwSW0htU,10738,Pataks,Experiment 1,1,2.4,4.9
6AiwVV6gbh6DDMuWj0e9CC,10765,Bens Original,Experiment 1,1,2.6,2.6
5GtFmYO6IlxYx4XQMfkE8D,10790,Sharwoods,Experiment 2,1,2.8,19.55
5GtFmYO6IlxYx4XQMfkE8D,10768,The Spice Tailor,Experiment 2,1,3.85,19.55
5GtFmYO6IlxYx4XQMfkE8D,10756,Pataks,Experiment 2,1,2.4,19.55
5GtFmYO6IlxYx4XQMfkE8D,10744,Sharwoods,Experiment 2,1,2.5,19.55
5GtFmYO6IlxYx4XQMfkE8D,10742,Pataks,Experiment 2,1,2.4,19.55
5GtFmYO6IlxYx4XQMfkE8D,10784,Sharwoods,Experiment 2,1,2.8,19.55
5GtFmYO6IlxYx4XQMfkE8D,10791,Sharwoods,Experiment 2,1,2.8,19.55
4KKxNvBlnAgvWoPTnuAc8H,10749,The Spice Tailor,Control,1,3.85,6.35
4KKxNvBlnAgvWoPTnuAc8H,10744,Sharwoods,Control,1,2.5,6.35
7zTKtJeC3ETa7IlHBF7JoW,10760,Pataks,Experiment 1,1,1.85,5.1
7zTKtJeC3ETa7IlHBF7JoW,10746,Pataks,Experiment 1,1,3.25,5.1
7DGRbQ656VtLdrSa1FuLEn,10765,Bens Original,Experiment 1,1,2.6,10.3
7DGRbQ656VtLdrSa1FuLEn,10772,The Spice Tailor,Experiment 1,1,3.85,10.3
7DGRbQ656VtLdrSa1FuLEn,10779,The Spice Tailor,Experiment 1,1,3.85,10.3
5Gi8a6UVwntdlbXZqKFrcW,10779,The Spice Tailor,Control,1,3.85,3.85
6hcbW60C3woRWnRuVIj0so,10766,Pataks,Control,1,1.85,1.85
2YuNku1Kqvs2HoUw0pZhC6,10770,Sharwoods,Experiment 2,1,2.5,6.35
2YuNku1Kqvs2HoUw0pZhC6,10769,The Spice Tailor,Experiment 2,1,3.85,6.35
0nuXazRaSAwwYOLb65endk,10753,Loyd Grossman,Experiment 2,1,3.0,6.85
0nuXazRaSAwwYOLb65endk,10748,The Spice Tailor,Experiment 2,1,3.85,6.85
7ITp4NKJFldDPTTj8SD5Us,10759,Sharwoods,Experiment 1,1,2.5,8.7
7ITp4NKJFldDPTTj8SD5Us,10766,Pataks,Experiment 1,1,1.85,8.7
7ITp4NKJFldDPTTj8SD5Us,10760,Pataks,Experiment 1,1,1.85,8.7
7ITp4NKJFldDPTTj8SD5Us,10751,Sharwoods,Experiment 1,1,2.5,8.7
0hymz1mOmrntUu4ajY5WjC,10770,Sharwoods,Experiment 2,2,5.0,12.5
0hymz1mOmrntUu4ajY5WjC,10761,Sharwoods,Experiment 2,2,5.0,12.5
0hymz1mOmrntUu4ajY5WjC,10751,Sharwoods,Experiment 2,1,2.5,12.5
4kjTrVMIf3OjhlXv4hdVLE,10743,Pataks,Control,1,2.4,4.8
4kjTrVMIf3OjhlXv4hdVLE,10736,Pataks,Control,1,2.4,4.8
0bNQouYrIVo9LFdN8w7GDX,10777,Sharwoods,Control,1,2.5,5.0
0bNQouYrIVo9LFdN8w7GDX,10770,Sharwoods,Control,1,2.5,5.0
1c4IuynUo4xFwVJtLBWjps,10739,Sharwoods,Experiment 1,1,2.5,2.5
3CZwWWTy8nBzbdzCLBTDXW,10752,Pataks,Experiment 1,1,2.4,7.3
3CZwWWTy8nBzbdzCLBTDXW,10743,Pataks,Experiment 1,1,2.4,7.3
3CZwWWTy8nBzbdzCLBTDXW,10744,Sharwoods,Experiment 1,1,2.5,7.3
6y0zeXTeTOjPMQlKCjIjKv,10736,Pataks,Control,1,2.4,2.4
117HNBKflIrEFDnULmzmfO,10767,Sharwoods,Experiment 2,1,2.5,12.3
117HNBKflIrEFDnULmzmfO,10763,Pataks,Experiment 2,1,2.4,12.3
117HNBKflIrEFDnULmzmfO,10750,Pataks,Experiment 2,1,2.4,12.3
117HNBKflIrEFDnULmzmfO,10740,Sharwoods,Experiment 2,1,2.5,12.3
117HNBKflIrEFDnULmzmfO,10751,Sharwoods,Experiment 2,1,2.5,12.3
3ca6ovTyP9fVhNEGrQ0qen,10760,Pataks,Control,1,1.85,1.85
4OA9hLEgJbAeswyp0j3lvM,10763,Pataks,Experiment 1,1,2.4,10.1
4OA9hLEgJbAeswyp0j3lvM,10754,The Spice Tailor,Experiment 1,1,3.85,10.1
4OA9hLEgJbAeswyp0j3lvM,10773,The Spice Tailor,Experiment 1,1,3.85,10.1
51wKGVd1s7IXVSPB5WRoED,10759,Sharwoods,Control,1,2.5,7.3
51wKGVd1s7IXVSPB5WRoED,10750,Pataks,Control,1,2.4,7.3
51wKGVd1s7IXVSPB5WRoED,10752,Pataks,Control,1,2.4,7.3
1brVJLP7aB4M8Feup1kx66,10781,Sharwoods,Experiment 2,1,2.8,8.4
1brVJLP7aB4M8Feup1kx66,10790,Sharwoods,Experiment 2,1,2.8,8.4
1brVJLP7aB4M8Feup1kx66,10792,Sharwoods,Experiment 2,1,2.8,8.4
759Nd80LhoXOc5LvYl0SKk,10784,Sharwoods,Experiment 1,1,2.8,11.55
759Nd80LhoXOc5LvYl0SKk,10745,Sharwoods,Experiment 1,1,2.5,11.55
759Nd80LhoXOc5LvYl0SKk,10752,Pataks,Experiment 1,1,2.4,11.55
759Nd80LhoXOc5LvYl0SKk,10773,The Spice Tailor,Experiment 1,1,3.85,11.55
6GLH4sgEV1MmOKebCld3pm,10791,Sharwoods,Experiment 2,1,2.8,5.3
6GLH4sgEV1MmOKebCld3pm,10777,Sharwoods,Experiment 2,1,2.5,5.3
7Dma1KXQMpcVikgLbkn5jh,10774,Pataks,Experiment 2,1,3.25,3.25
26KlLLkrtn9nSE91DA1oM7,10774,Pataks,Experiment 2,1,3.25,7.1
26KlLLkrtn9nSE91DA1oM7,10773,The Spice Tailor,Experiment 2,1,3.85,7.1
1C4Jc1xnY0P2Vj83waj54S,10765,Bens Original,Experiment 1,1,2.6,5.1
1C4Jc1xnY0P2Vj83waj54S,10744,Sharwoods,Experiment 1,1,2.5,5.1
3wv9C0YfC1B0koD82zYWt9,10777,Sharwoods,Control,1,2.5,2.5
6LKokZ9TNYkNhR133x8zsJ,10758,Pataks,Control,1,3.25,6.5
6LKokZ9TNYkNhR133x8zsJ,10762,Pataks,Control,1,3.25,6.5
04BddzV2wB50xcMxoSorY7,10766,Pataks,Experiment 2,2,3.7,5.55
04BddzV2wB50xcMxoSorY7,10778,Pataks,Experiment 2,1,1.85,5.55
5AKeopAqTHIuMKNE63uxgu,10748,The Spice Tailor,Control,1,3.85,15.4
5AKeopAqTHIuMKNE63uxgu,10747,The Spice Tailor,Control,1,3.85,15.4
5AKeopAqTHIuMKNE63uxgu,10772,The Spice Tailor,Control,1,3.85,15.4
5AKeopAqTHIuMKNE63uxgu,10749,The Spice Tailor,Control,1,3.85,15.4
5MJObLAdFuMzlfDg6z7Plo,10766,Pataks,Experiment 1,1,1.85,1.85
6g1yaRNWnluhWmWNIEdApj,10753,Loyd Grossman,Experiment 1,1,3.0,3.0
4b0wLdTxstzgULCPhNUofm,10747,The Spice Tailor,Experiment 2,1,3.85,3.85
0KxgB7opnSS5e9CQjZfeXr,10770,Sharwoods,Control,1,2.5,8.2
0KxgB7opnSS5e9CQjZfeXr,10747,The Spice Tailor,Control,1,3.85,8.2
0KxgB7opnSS5e9CQjZfeXr,10760,Pataks,Control,1,1.85,8.2
5oyiDvFxbecn8bDRedOZIm,10738,Pataks,Control,1,2.4,2.4
0QPRYWMZcs6OSJzDTJWAgN,10766,Pataks,Experiment 2,1,1.85,1.85
0HTJS0jnlcDvf97WAFCpSZ,10781,Sharwoods,Control,1,2.8,5.2
0HTJS0jnlcDvf97WAFCpSZ,10756,Pataks,Control,1,2.4,5.2
4OUIIuPCztTme07SZcU1na,10736,Pataks,Control,1,2.4,8.15
4OUIIuPCztTme07SZcU1na,10767,Sharwoods,Control,1,2.5,8.15
4OUIIuPCztTme07SZcU1na,10774,Pataks,Control,1,3.25,8.15
41rBotBQGse1eAp3VzRYaJ,10751,Sharwoods,Experiment 2,1,2.5,5.0
41rBotBQGse1eAp3VzRYaJ,10744,Sharwoods,Experiment 2,1,2.5,5.0
4btPFja6coCfaD06Jnx9Mi,10763,Pataks,Experiment 1,1,2.4,2.4
2ybh9EVWNR3fwjTo2H7um6,10767,Sharwoods,Control,1,2.5,8.25
2ybh9EVWNR3fwjTo2H7um6,10745,Sharwoods,Control,1,2.5,8.25
2ybh9EVWNR3fwjTo2H7um6,10746,Pataks,Control,1,3.25,8.25
6r14y5Eoi738KUZ9qVfA0s,10776,Sharwoods,Experiment 1,1,2.5,4.9
6r14y5Eoi738KUZ9qVfA0s,10763,Pataks,Experiment 1,1,2.4,4.9
5B1lDgpGNWgEHao3g179xr,10766,Pataks,Control,2,5.55,23.1
5B1lDgpGNWgEHao3g179xr,10778,Pataks,Control,3,5.55,23.1
5B1lDgpGNWgEHao3g179xr,10763,Pataks,Control,2,7.2,23.1
5B1lDgpGNWgEHao3g179xr,10738,Pataks,Control,1,2.4,23.1
5B1lDgpGNWgEHao3g179xr,10743,Pataks,Control,1,2.4,23.1
4XdWlLgixRWH44MWgdyUrp,10747,The Spice Tailor,Experiment 1,1,3.85,7.7
4XdWlLgixRWH44MWgdyUrp,10773,The Spice Tailor,Experiment 1,1,3.85,7.7
6DawuVgynH4mGurYQhMWar,10743,Pataks,Experiment 2,1,2.4,12.4
6DawuVgynH4mGurYQhMWar,10765,Bens Original,Experiment 2,1,2.6,12.4
6DawuVgynH4mGurYQhMWar,10745,Sharwoods,Experiment 2,1,2.5,12.4
6DawuVgynH4mGurYQhMWar,10752,Pataks,Experiment 2,1,2.4,12.4
6DawuVgynH4mGurYQhMWar,10744,Sharwoods,Experiment 2,1,2.5,12.4
13LDXtvkK4ht9sTzZTKAjG,10782,Sharwoods,Experiment 1,1,2.8,7.8
13LDXtvkK4ht9sTzZTKAjG,10767,Sharwoods,Experiment 1,2,5.0,7.8
3hlMtIMs1J5xL51fAenmEr,10777,Sharwoods,Experiment 1,1,2.5,2.5
4XxPsOiURCwAslhNPoHUF1,10740,Sharwoods,Experiment 1,1,2.5,4.5
4XxPsOiURCwAslhNPoHUF1,10787,Sharwoods,Experiment 1,1,2.0,4.5
4BoXDZzYG5KRJPNMxukfCh,10748,The Spice Tailor,Experiment 1,1,3.85,9.55
4BoXDZzYG5KRJPNMxukfCh,10760,Pataks,Experiment 1,1,1.85,9.55
4BoXDZzYG5KRJPNMxukfCh,10754,The Spice Tailor,Experiment 1,1,3.85,9.55
7x7A6h5IiGzEHSvQlGdRbR,10738,Pataks,Control,1,2.4,8.4
7x7A6h5IiGzEHSvQlGdRbR,10753,Loyd Grossman,Control,1,3.0,8.4
7x7A6h5IiGzEHSvQlGdRbR,10771,Loyd Grossman,Control,1,3.0,8.4
605zKngKIHUNGf9DcMqiac,10738,Pataks,Experiment 2,1,2.4,9.9
605zKngKIHUNGf9DcMqiac,10767,Sharwoods,Experiment 2,1,2.5,9.9
605zKngKIHUNGf9DcMqiac,10744,Sharwoods,Experiment 2,1,2.5,9.9
605zKngKIHUNGf9DcMqiac,10761,Sharwoods,Experiment 2,1,2.5,9.9
1pHvNO9QLWm0OeOS4HzOa9,10743,Pataks,Experiment 1,1,2.4,4.4
1pHvNO9QLWm0OeOS4HzOa9,10789,Sharwoods,Experiment 1,1,2.0,4.4
7eNllHC3EIjheuWtsSy3Uz,10770,Sharwoods,Control,1,2.5,2.5
16jXWmQU4MmAmgps79rej6,10779,The Spice Tailor,Experiment 2,1,3.85,14.35
16jXWmQU4MmAmgps79rej6,10782,Sharwoods,Experiment 2,1,2.8,14.35
16jXWmQU4MmAmgps79rej6,10769,The Spice Tailor,Experiment 2,1,3.85,14.35
16jXWmQU4MmAmgps79rej6,10747,The Spice Tailor,Experiment 2,1,3.85,14.35
57qhrbWLBkKet6U02VCHej,10770,Sharwoods,Control,1,2.5,10.1
57qhrbWLBkKet6U02VCHej,10750,Pataks,Control,1,2.4,10.1
57qhrbWLBkKet6U02VCHej,10756,Pataks,Control,1,2.4,10.1
57qhrbWLBkKet6U02VCHej,10783,Sharwoods,Control,1,2.8,10.1
1rE3hn6OLF0ZsypmO7MW15,10758,Pataks,Experiment 1,1,3.25,10.45
1rE3hn6OLF0ZsypmO7MW15,10743,Pataks,Experiment 1,2,4.8,10.45
1rE3hn6OLF0ZsypmO7MW15,10738,Pataks,Experiment 1,1,2.4,10.45
2nYS0YIyMRJcC4Kxh1owJu,10740,Sharwoods,Experiment 1,1,2.5,5.0
2nYS0YIyMRJcC4Kxh1owJu,10745,Sharwoods,Experiment 1,1,2.5,5.0
0IwqkR0UAVCpxVNXm0ULIK,10742,Pataks,Experiment 1,1,2.4,2.4
6b0KA1gvZgthgSBcrK7Obg,10738,Pataks,Control,1,2.4,4.8
6b0KA1gvZgthgSBcrK7Obg,10742,Pataks,Control,1,2.4,4.8
59bmR8XazNCbfw3iZscocg,10750,Pataks,Control,1,2.4,7.7
59bmR8XazNCbfw3iZscocg,10776,Sharwoods,Control,1,2.5,7.7
59bmR8XazNCbfw3iZscocg,10782,Sharwoods,Control,1,2.8,7.7
5pDGtTbQw8cbkCrGTNhSTm,10787,Sharwoods,Experiment 1,1,2.0,2.0
6zKWIPgIma7KohFcr4goUa,10762,Pataks,Control,1,3.25,23.75
6zKWIPgIma7KohFcr4goUa,10770,Sharwoods,Control,2,5.0,23.75
6zKWIPgIma7KohFcr4goUa,10759,Sharwoods,Control,1,2.5,23.75
6zKWIPgIma7KohFcr4goUa,10756,Pataks,Control,1,2.4,23.75
6zKWIPgIma7KohFcr4goUa,10753,Loyd Grossman,Control,1,3.0,23.75
6zKWIPgIma7KohFcr4goUa,10757,Pataks,Control,1,2.4,23.75
6zKWIPgIma7KohFcr4goUa,10743,Pataks,Control,1,2.4,23.75
6zKWIPgIma7KohFcr4goUa,10781,Sharwoods,Control,1,2.8,23.75
0FrkeHGyUcQHJUrsChMFxA,10750,Pataks,Control,1,2.4,7.4
0FrkeHGyUcQHJUrsChMFxA,10770,Sharwoods,Control,1,2.5,7.4
0FrkeHGyUcQHJUrsChMFxA,10767,Sharwoods,Control,1,2.5,7.4
7dN1yi14Ys8fbYvhRtTRyX,10777,Sharwoods,Experiment 2,1,2.5,8.25
7dN1yi14Ys8fbYvhRtTRyX,10758,Pataks,Experiment 2,1,3.25,8.25
7dN1yi14Ys8fbYvhRtTRyX,10770,Sharwoods,Experiment 2,1,2.5,8.25
3EWhiXFN2fqwPDFiu9CBZo,10738,Pataks,Experiment 2,1,2.4,4.8
3EWhiXFN2fqwPDFiu9CBZo,10763,Pataks,Experiment 2,1,2.4,4.8
7sBZib4qhQqMusB1yzvkxU,10740,Sharwoods,Experiment 2,2,5.0,7.5
7sBZib4qhQqMusB1yzvkxU,10745,Sharwoods,Experiment 2,1,2.5,7.5
63tcydeb2CTUVNg22UcJ1g,10767,Sharwoods,Experiment 1,1,2.5,5.0
63tcydeb2CTUVNg22UcJ1g,10751,Sharwoods,Experiment 1,1,2.5,5.0
2lFJV1voQHZLRvtAU2zXwH,10748,The Spice Tailor,Experiment 1,1,3.85,24.95
2lFJV1voQHZLRvtAU2zXwH,10760,Pataks,Experiment 1,2,3.7,24.95
2lFJV1voQHZLRvtAU2zXwH,10761,Sharwoods,Experiment 1,2,5.0,24.95
2lFJV1voQHZLRvtAU2zXwH,10759,Sharwoods,Experiment 1,1,5.0,24.95
2lFJV1voQHZLRvtAU2zXwH,10736,Pataks,Experiment 1,1,2.4,24.95
2lFJV1voQHZLRvtAU2zXwH,10770,Sharwoods,Experiment 1,1,2.5,24.95
2lFJV1voQHZLRvtAU2zXwH,10776,Sharwoods,Experiment 1,1,2.5,24.95
4gglb6BDv6gsJv08wW5zSY,10758,Pataks,Experiment 2,1,3.25,6.5
4gglb6BDv6gsJv08wW5zSY,10774,Pataks,Experiment 2,1,3.25,6.5
0yACBn3RHR1CqwjzuAVj4q,10770,Sharwoods,Control,2,5.0,11.1
0yACBn3RHR1CqwjzuAVj4q,10756,Pataks,Control,1,2.4,11.1
0yACBn3RHR1CqwjzuAVj4q,10760,Pataks,Control,2,3.7,11.1
3XtwK6gqr1fdQRuIauKoAQ,10759,Sharwoods,Experiment 2,1,2.5,4.9
3XtwK6gqr1fdQRuIauKoAQ,10757,Pataks,Experiment 2,1,2.4,4.9
6pDd4ER8lV1zGrmLORHINZ,10755,Pataks,Control,1,3.25,5.65
6pDd4ER8lV1zGrmLORHINZ,10752,Pataks,Control,1,2.4,5.65
2AxnHguZXXamrl3UUiVr6p,10764,Pataks,Experiment 2,1,3.0,8.2
2AxnHguZXXamrl3UUiVr6p,10738,Pataks,Experiment 2,1,2.4,8.2
2AxnHguZXXamrl3UUiVr6p,10790,Sharwoods,Experiment 2,1,2.8,8.2
0NTOW5lHoG27ybbbVqyOT6,10767,Sharwoods,Experiment 2,1,2.5,2.5
0OTMxhkF0UtMIhksNanx5H,10769,The Spice Tailor,Experiment 1,1,3.85,28.6
0OTMxhkF0UtMIhksNanx5H,10752,Pataks,Experiment 1,1,2.4,28.6
0OTMxhkF0UtMIhksNanx5H,10770,Sharwoods,Experiment 1,1,2.5,28.6
0OTMxhkF0UtMIhksNanx5H,10751,Sharwoods,Experiment 1,1,2.5,28.6
0OTMxhkF0UtMIhksNanx5H,10753,Loyd Grossman,Experiment 1,1,3.0,28.6
0OTMxhkF0UtMIhksNanx5H,10743,Pataks,Experiment 1,1,2.4,28.6
0OTMxhkF0UtMIhksNanx5H,10782,Sharwoods,Experiment 1,1,5.6,28.6
0OTMxhkF0UtMIhksNanx5H,10744,Sharwoods,Experiment 1,1,2.5,28.6
0OTMxhkF0UtMIhksNanx5H,10772,The Spice Tailor,Experiment 1,1,3.85,28.6
1kCxwYUlD1BzlLdF8tjdLm,10780,Loyd Grossman,Experiment 1,1,3.0,5.6
1kCxwYUlD1BzlLdF8tjdLm,10765,Bens Original,Experiment 1,1,2.6,5.6
1lWrNFba4Ybp34GNkco6RL,10745,Sharwoods,Experiment 1,1,2.5,5.0
1lWrNFba4Ybp34GNkco6RL,10740,Sharwoods,Experiment 1,1,2.5,5.0
0OlOAxzEnW6sDRFeGRjAyb,10756,Pataks,Control,1,2.4,2.4
4XBRE9RgUG4ZppI5CmrQ5m,10751,Sharwoods,Experiment 2,1,2.5,6.95
4XBRE9RgUG4ZppI5CmrQ5m,10765,Bens Original,Experiment 2,1,2.6,6.95
4XBRE9RgUG4ZppI5CmrQ5m,10766,Pataks,Experiment 2,1,1.85,6.95
6L7SOTntZRwN1bHh3QdBUO,10749,The Spice Tailor,Control,2,7.7,7.7
1oc6D6uWcAwRUqvNlLoIO4,10765,Bens Original,Control,1,2.6,8.0
1oc6D6uWcAwRUqvNlLoIO4,10742,Pataks,Control,1,2.4,8.0
1oc6D6uWcAwRUqvNlLoIO4,10780,Loyd Grossman,Control,1,3.0,8.0
3Ajdw97YynwbOYvEB86gxp,10738,Pataks,Control,1,2.4,7.2
3Ajdw97YynwbOYvEB86gxp,10752,Pataks,Control,2,4.8,7.2
4F9JYtPWnrrAaXNFRzpb0w,10755,Pataks,Control,1,3.25,8.35
4F9JYtPWnrrAaXNFRzpb0w,10740,Sharwoods,Control,1,2.5,8.35
4F9JYtPWnrrAaXNFRzpb0w,10765,Bens Original,Control,1,2.6,8.35
48pIT7B3dWM0M2pnnQCtz6,10791,Sharwoods,Experiment 2,1,2.8,2.8
6KnoHzX2gt5xSylkTVOzdo,10792,Sharwoods,Experiment 2,1,2.8,20.9
6KnoHzX2gt5xSylkTVOzdo,10754,The Spice Tailor,Experiment 2,1,3.85,20.9
6KnoHzX2gt5xSylkTVOzdo,10746,Pataks,Experiment 2,1,3.25,20.9
6KnoHzX2gt5xSylkTVOzdo,10766,Pataks,Experiment 2,1,1.85,20.9
6KnoHzX2gt5xSylkTVOzdo,10740,Sharwoods,Experiment 2,1,2.5,20.9
6KnoHzX2gt5xSylkTVOzdo,10748,The Spice Tailor,Experiment 2,1,3.85,20.9
6KnoHzX2gt5xSylkTVOzdo,10791,Sharwoods,Experiment 2,1,2.8,20.9
2w3DiklKY4EwxDRVdVnep1,10736,Pataks,Control,3,7.2,7.2
3XqpypFbzRaipqqXPmreOC,10783,Sharwoods,Experiment 2,1,5.6,28.4
3XqpypFbzRaipqqXPmreOC,10753,Loyd Grossman,Experiment 2,5,15.0,28.4
3XqpypFbzRaipqqXPmreOC,10751,Sharwoods,Experiment 2,2,5.0,28.4
3XqpypFbzRaipqqXPmreOC,10782,Sharwoods,Experiment 2,1,2.8,28.4
5FMJGCSaPl3BTEU8TXObDr,10778,Pataks,Control,2,3.7,9.95
5FMJGCSaPl3BTEU8TXObDr,10747,The Spice Tailor,Control,1,3.85,9.95
5FMJGCSaPl3BTEU8TXObDr,10752,Pataks,Control,1,2.4,9.95
5N0LePxNkaM2Hvte0h7UyJ,10758,Pataks,Experiment 1,1,3.25,9.5
5N0LePxNkaM2Hvte0h7UyJ,10780,Loyd Grossman,Experiment 1,1,3.0,9.5
5N0LePxNkaM2Hvte0h7UyJ,10774,Pataks,Experiment 1,1,3.25,9.5
4KSs8mzPY0w5ul5QrysaEw,10779,The Spice Tailor,Experiment 1,1,3.85,6.25
4KSs8mzPY0w5ul5QrysaEw,10736,Pataks,Experiment 1,1,2.4,6.25
5SKx4876zdfy5aA5lw3fU2,10755,Pataks,Experiment 1,1,3.25,8.55
5SKx4876zdfy5aA5lw3fU2,10740,Sharwoods,Experiment 1,1,2.5,8.55
5SKx4876zdfy5aA5lw3fU2,10782,Sharwoods,Experiment 1,1,2.8,8.55
2OsGZpQ7fMXXGUoLikB993,10739,Sharwoods,Control,1,2.5,5.0
2OsGZpQ7fMXXGUoLikB993,10745,Sharwoods,Control,1,2.5,5.0
4v3QwTavonsjT1I5ZTj0ya,10743,Pataks,Control,2,4.8,4.8
1YNDJjJd1lkSuhEdTehrF4,10756,Pataks,Control,2,4.8,9.9
1YNDJjJd1lkSuhEdTehrF4,10778,Pataks,Control,1,1.85,9.9
1YNDJjJd1lkSuhEdTehrF4,10758,Pataks,Control,1,3.25,9.9
2h26AQrhqYrRRelgqXqIKH,10781,Sharwoods,Experiment 1,1,2.8,26.65
2h26AQrhqYrRRelgqXqIKH,10772,The Spice Tailor,Experiment 1,1,3.85,26.65
2h26AQrhqYrRRelgqXqIKH,10788,Sharwoods,Experiment 1,2,4.0,26.65
2h26AQrhqYrRRelgqXqIKH,10743,Pataks,Experiment 1,1,4.8,26.65
2h26AQrhqYrRRelgqXqIKH,10739,Sharwoods,Experiment 1,1,2.5,26.65
2h26AQrhqYrRRelgqXqIKH,10738,Pataks,Experiment 1,1,2.4,26.65
2h26AQrhqYrRRelgqXqIKH,10765,Bens Original,Experiment 1,1,2.6,26.65
2h26AQrhqYrRRelgqXqIKH,10760,Pataks,Experiment 1,1,1.85,26.65
2C9nt0Ug6c8q8IsTeK1IVM,10782,Sharwoods,Control,1,2.8,16.65
2C9nt0Ug6c8q8IsTeK1IVM,10761,Sharwoods,Control,1,2.5,16.65
2C9nt0Ug6c8q8IsTeK1IVM,10779,The Spice Tailor,Control,1,3.85,16.65
2C9nt0Ug6c8q8IsTeK1IVM,10776,Sharwoods,Control,1,2.5,16.65
2C9nt0Ug6c8q8IsTeK1IVM,10751,Sharwoods,Control,1,2.5,16.65
2C9nt0Ug6c8q8IsTeK1IVM,10740,Sharwoods,Control,1,2.5,16.65
2Yn8IKsgdy7HqL1wyvLUv1,10739,Sharwoods,Experiment 1,1,2.5,13.0
2Yn8IKsgdy7HqL1wyvLUv1,10756,Pataks,Experiment 1,1,2.4,13.0
2Yn8IKsgdy7HqL1wyvLUv1,10758,Pataks,Experiment 1,1,3.25,13.0
2Yn8IKsgdy7HqL1wyvLUv1,10760,Pataks,Experiment 1,1,1.85,13.0
2Yn8IKsgdy7HqL1wyvLUv1,10764,Pataks,Experiment 1,1,3.0,13.0
34SdgZ9Uo5RQUFW5LxcBQ2,10779,The Spice Tailor,Experiment 1,1,3.85,7.7
34SdgZ9Uo5RQUFW5LxcBQ2,10747,The Spice Tailor,Experiment 1,1,3.85,7.7
3sgF97wAY8OOHRmKKl62as,10771,Loyd Grossman,Control,1,3.0,3.0
3DDTGkHEKu47MFemfan7Wn,10751,Sharwoods,Experiment 1,1,2.5,5.0
3DDTGkHEKu47MFemfan7Wn,10745,Sharwoods,Experiment 1,1,2.5,5.0
4CiLoqwVqiUzvdLVlGqx7c,10742,Pataks,Experiment 2,1,2.4,8.85
4CiLoqwVqiUzvdLVlGqx7c,10765,Bens Original,Experiment 2,1,2.6,8.85
4CiLoqwVqiUzvdLVlGqx7c,10768,The Spice Tailor,Experiment 2,1,3.85,8.85
3DIJ9bz0maMevIsUTcPYIL,10765,Bens Original,Control,1,2.6,9.25
3DIJ9bz0maMevIsUTcPYIL,10768,The Spice Tailor,Control,1,3.85,9.25
3DIJ9bz0maMevIsUTcPYIL,10782,Sharwoods,Control,1,2.8,9.25
4C6P20dhqA0TGB1jZip5Z9,10738,Pataks,Experiment 2,1,2.4,6.25
4C6P20dhqA0TGB1jZip5Z9,10748,The Spice Tailor,Experiment 2,1,3.85,6.25
6t4rJBWNndurPRfJs2b20n,10753,Loyd Grossman,Control,4,12.0,15.7
6t4rJBWNndurPRfJs2b20n,10778,Pataks,Control,2,3.7,15.7
3MwXthgnSmzfGiNbkek8ad,10790,Sharwoods,Experiment 2,1,2.8,5.6
3MwXthgnSmzfGiNbkek8ad,10791,Sharwoods,Experiment 2,1,2.8,5.6
2G73gHZ2GyFsBqXaEoigVQ,10773,The Spice Tailor,Experiment 2,1,3.85,6.45
2G73gHZ2GyFsBqXaEoigVQ,10765,Bens Original,Experiment 2,1,2.6,6.45
4gW7ywI5nshSOjviERAvi6,10739,Sharwoods,Experiment 2,2,5.0,13.25
4gW7ywI5nshSOjviERAvi6,10759,Sharwoods,Experiment 2,1,2.5,13.25
4gW7ywI5nshSOjviERAvi6,10745,Sharwoods,Experiment 2,1,2.5,13.25
4gW7ywI5nshSOjviERAvi6,10762,Pataks,Experiment 2,1,3.25,13.25
7KdyzGu5knYj2JEttQUVtz,10736,Pataks,Experiment 1,1,2.4,7.8
7KdyzGu5knYj2JEttQUVtz,10753,Loyd Grossman,Experiment 1,1,3.0,7.8
7KdyzGu5knYj2JEttQUVtz,10756,Pataks,Experiment 1,1,2.4,7.8
70oiz9Ec1wdn4hIoe4cl6Z,10780,Loyd Grossman,Control,1,3.0,8.0
70oiz9Ec1wdn4hIoe4cl6Z,10740,Sharwoods,Control,1,2.5,8.0
70oiz9Ec1wdn4hIoe4cl6Z,10751,Sharwoods,Control,1,2.5,8.0
7kVxvlOigD048nfa0AbpBC,10736,Pataks,Experiment 2,1,2.4,4.25
7kVxvlOigD048nfa0AbpBC,10760,Pataks,Experiment 2,1,1.85,4.25
7JwiP0HxAfj6qSJHCgD9MQ,10784,Sharwoods,Control,1,2.8,7.9
7JwiP0HxAfj6qSJHCgD9MQ,10740,Sharwoods,Control,1,2.5,7.9
7JwiP0HxAfj6qSJHCgD9MQ,10765,Bens Original,Control,1,2.6,7.9
2zJ9yYDidzn1dHUuG62RNb,10771,Loyd Grossman,Control,3,9.0,26.6
2zJ9yYDidzn1dHUuG62RNb,10779,The Spice Tailor,Control,1,3.85,26.6
2zJ9yYDidzn1dHUuG62RNb,10762,Pataks,Control,1,3.25,26.6
2zJ9yYDidzn1dHUuG62RNb,10754,The Spice Tailor,Control,1,3.85,26.6
2zJ9yYDidzn1dHUuG62RNb,10766,Pataks,Control,1,1.85,26.6
2zJ9yYDidzn1dHUuG62RNb,10743,Pataks,Control,1,2.4,26.6
2zJ9yYDidzn1dHUuG62RNb,10738,Pataks,Control,1,2.4,26.6
4Td6DXLEa9tHTp33QdYXVD,10761,Sharwoods,Experiment 2,2,5.0,7.8
4Td6DXLEa9tHTp33QdYXVD,10793,Sharwoods,Experiment 2,1,2.8,7.8
1Is9tNoGdht0E5gJgGxDQ5,10771,Loyd Grossman,Experiment 1,1,3.0,27.55
1Is9tNoGdht0E5gJgGxDQ5,10750,Pataks,Experiment 1,1,2.4,27.55
1Is9tNoGdht0E5gJgGxDQ5,10772,The Spice Tailor,Experiment 1,2,11.55,27.55
1Is9tNoGdht0E5gJgGxDQ5,10789,Sharwoods,Experiment 1,1,2.0,27.55
1Is9tNoGdht0E5gJgGxDQ5,10736,Pataks,Experiment 1,1,2.4,27.55
1Is9tNoGdht0E5gJgGxDQ5,10778,Pataks,Experiment 1,2,3.7,27.55
1Is9tNoGdht0E5gJgGxDQ5,10767,Sharwoods,Experiment 1,1,2.5,27.55
7KcbCpUqr8I5fqKcZPlr0n,10757,Pataks,Experiment 1,1,2.4,9.9
7KcbCpUqr8I5fqKcZPlr0n,10761,Sharwoods,Experiment 1,1,2.5,9.9
7KcbCpUqr8I5fqKcZPlr0n,10780,Loyd Grossman,Experiment 1,1,3.0,9.9
7KcbCpUqr8I5fqKcZPlr0n,10789,Sharwoods,Experiment 1,1,2.0,9.9
5g4mYevlFdosrVySDh30Yl,10770,Sharwoods,Control,1,2.5,2.5
69VEASJogHKjVY4ekyZVq5,10747,The Spice Tailor,Experiment 2,1,3.85,10.5
69VEASJogHKjVY4ekyZVq5,10783,Sharwoods,Experiment 2,1,2.8,10.5
69VEASJogHKjVY4ekyZVq5,10768,The Spice Tailor,Experiment 2,1,3.85,10.5
5tchEBVrLqsEPFzmOIOAIS,10753,Loyd Grossman,Control,1,3.0,5.5
5tchEBVrLqsEPFzmOIOAIS,10751,Sharwoods,Control,1,2.5,5.5
1bfYJ4DWiZJ40AcreidTyj,10736,Pataks,Experiment 2,1,2.4,2.4
6HQ86PPUA4246MVUKzSque,10742,Pataks,Experiment 2,1,2.4,8.0
6HQ86PPUA4246MVUKzSque,10791,Sharwoods,Experiment 2,1,2.8,8.0
6HQ86PPUA4246MVUKzSque,10782,Sharwoods,Experiment 2,1,2.8,8.0
4tOkNQPXQXvszBpUeqHnCJ,10782,Sharwoods,Control,1,2.8,20.55
4tOkNQPXQXvszBpUeqHnCJ,10760,Pataks,Control,1,1.85,20.55
4tOkNQPXQXvszBpUeqHnCJ,10747,The Spice Tailor,Control,1,3.85,20.55
4tOkNQPXQXvszBpUeqHnCJ,10764,Pataks,Control,1,3.0,20.55
4tOkNQPXQXvszBpUeqHnCJ,10772,The Spice Tailor,Control,1,3.85,20.55
4tOkNQPXQXvszBpUeqHnCJ,10738,Pataks,Control,1,2.4,20.55
4tOkNQPXQXvszBpUeqHnCJ,10783,Sharwoods,Control,1,2.8,20.55
0dZxqxlneSB4gBdxKOaIYo,10767,Sharwoods,Experiment 1,1,2.5,5.5
0dZxqxlneSB4gBdxKOaIYo,10771,Loyd Grossman,Experiment 1,1,3.0,5.5
0QBN0MZpfvFnMYf79MX3op,10762,Pataks,Experiment 1,1,3.25,5.85
0QBN0MZpfvFnMYf79MX3op,10765,Bens Original,Experiment 1,1,2.6,5.85
6E5GChPegf9rE8eDzQsYDP,10760,Pataks,Control,1,1.85,1.85
04AuPE4ctNVr2hziYlvIit,10742,Pataks,Control,3,7.2,19.9
04AuPE4ctNVr2hziYlvIit,10748,The Spice Tailor,Control,2,7.7,19.9
04AuPE4ctNVr2hziYlvIit,10776,Sharwoods,Control,2,5.0,19.9
3tWq2nxDY0kTytJj22CfkN,10767,Sharwoods,Control,1,2.5,7.5
3tWq2nxDY0kTytJj22CfkN,10739,Sharwoods,Control,1,2.5,7.5
3tWq2nxDY0kTytJj22CfkN,10751,Sharwoods,Control,1,2.5,7.5
23VuwnYOR4TgT6wu8tiXmQ,10778,Pataks,Experiment 1,1,1.85,6.95
23VuwnYOR4TgT6wu8tiXmQ,10774,Pataks,Experiment 1,1,3.25,6.95
23VuwnYOR4TgT6wu8tiXmQ,10760,Pataks,Experiment 1,1,1.85,6.95
4PLlCszfPtSfA7KKxrsgtW,10778,Pataks,Control,1,1.85,1.85
3SpMgvEW7TysudAIe7nzyh,10756,Pataks,Experiment 1,1,2.4,11.3
3SpMgvEW7TysudAIe7nzyh,10762,Pataks,Experiment 1,1,3.25,11.3
3SpMgvEW7TysudAIe7nzyh,10763,Pataks,Experiment 1,1,2.4,11.3
3SpMgvEW7TysudAIe7nzyh,10774,Pataks,Experiment 1,1,3.25,11.3
5oGIWbw0KDOu3pXQ7bP4hI,10763,Pataks,Experiment 1,1,2.4,2.4
3LKwU2nwhaqQuDjOdfrvR4,10753,Loyd Grossman,Control,1,3.0,9.35
3LKwU2nwhaqQuDjOdfrvR4,10773,The Spice Tailor,Control,1,3.85,9.35
3LKwU2nwhaqQuDjOdfrvR4,10759,Sharwoods,Control,1,2.5,9.35
1VdeF3vgSjc5dCSI22rEcK,10740,Sharwoods,Experiment 2,1,2.5,2.5
6tVecwJHZDeRuWMGVikK17,10740,Sharwoods,Experiment 1,1,2.5,5.0
6tVecwJHZDeRuWMGVikK17,10761,Sharwoods,Experiment 1,1,2.5,5.0
0mHZqBzHh8RxuWC3XxJ5yi,10773,The Spice Tailor,Experiment 2,1,3.85,3.85
4OB9tbQv61D7TJ9AabyrBH,10757,Pataks,Control,1,2.4,2.4
3vjOwiKPUh2Ivd8Yst5nrD,10762,Pataks,Experiment 1,1,3.25,6.25
3vjOwiKPUh2Ivd8Yst5nrD,10780,Loyd Grossman,Experiment 1,1,3.0,6.25
59BgKr921DjRtB17BnIwKE,10771,Loyd Grossman,Control,1,3.0,11.3
59BgKr921DjRtB17BnIwKE,10747,The Spice Tailor,Control,1,3.85,11.3
59BgKr921DjRtB17BnIwKE,10765,Bens Original,Control,1,2.6,11.3
59BgKr921DjRtB17BnIwKE,10760,Pataks,Control,1,1.85,11.3
7zlOWF29vFls8yqKq4qxzw,10748,The Spice Tailor,Experiment 1,2,7.7,7.7
0bzS22k0nLVAEnT2yQT5dS,10778,Pataks,Experiment 2,1,1.85,4.25
0bzS22k0nLVAEnT2yQT5dS,10756,Pataks,Experiment 2,1,2.4,4.25
43bfMKBxJRaCbpN1ejnooA,10780,Loyd Grossman,Control,1,3.0,3.0
5JPLn3la7uC6USyDBhyyNn,10745,Sharwoods,Experiment 1,4,10.0,15.2
5JPLn3la7uC6USyDBhyyNn,10743,Pataks,Experiment 1,1,2.4,15.2
5JPLn3la7uC6USyDBhyyNn,10784,Sharwoods,Experiment 1,1,2.8,15.2
0Wp3zVwro0ZEUcueirANxW,10746,Pataks,Experiment 2,1,3.25,21.95
0Wp3zVwro0ZEUcueirANxW,10772,The Spice Tailor,Experiment 2,1,3.85,21.95
0Wp3zVwro0ZEUcueirANxW,10760,Pataks,Experiment 2,1,1.85,21.95
0Wp3zVwro0ZEUcueirANxW,10777,Sharwoods,Experiment 2,1,2.5,21.95
0Wp3zVwro0ZEUcueirANxW,10761,Sharwoods,Experiment 2,1,2.5,21.95
0Wp3zVwro0ZEUcueirANxW,10790,Sharwoods,Experiment 2,1,2.8,21.95
0Wp3zVwro0ZEUcueirANxW,10791,Sharwoods,Experiment 2,1,2.8,21.95
0Wp3zVwro0ZEUcueirANxW,10738,Pataks,Experiment 2,1,2.4,21.95
7mRJ9px0mpjGsOnxn3iT65,10744,Sharwoods,Control,1,2.5,18.25
7mRJ9px0mpjGsOnxn3iT65,10768,The Spice Tailor,Control,1,3.85,18.25
7mRJ9px0mpjGsOnxn3iT65,10760,Pataks,Control,2,3.7,18.25
7mRJ9px0mpjGsOnxn3iT65,10765,Bens Original,Control,2,5.2,18.25
7mRJ9px0mpjGsOnxn3iT65,10771,Loyd Grossman,Control,1,3.0,18.25
64KKsRz8Zet48vZY7S28CV,10751,Sharwoods,Control,1,2.5,7.4
64KKsRz8Zet48vZY7S28CV,10743,Pataks,Control,1,2.4,7.4
64KKsRz8Zet48vZY7S28CV,10745,Sharwoods,Control,1,2.5,7.4
7sgFlqkpKw69Kmr9WH7PKO,10738,Pataks,Experiment 1,1,2.4,2.4
60qPVHORrVWGfgZ8D429ZW,10768,The Spice Tailor,Experiment 1,5,19.25,19.25
1pWKSkXijd3k07t5ZDbvXW,10763,Pataks,Experiment 2,1,2.4,16.95
1pWKSkXijd3k07t5ZDbvXW,10778,Pataks,Experiment 2,1,1.85,16.95
1pWKSkXijd3k07t5ZDbvXW,10757,Pataks,Experiment 2,1,2.4,16.95
1pWKSkXijd3k07t5ZDbvXW,10756,Pataks,Experiment 2,1,2.4,16.95
1pWKSkXijd3k07t5ZDbvXW,10781,Sharwoods,Experiment 2,1,2.8,16.95
1pWKSkXijd3k07t5ZDbvXW,10765,Bens Original,Experiment 2,1,2.6,16.95
1pWKSkXijd3k07t5ZDbvXW,10770,Sharwoods,Experiment 2,1,2.5,16.95
4EnsGzqPrAm2YkNYIH6xeX,10777,Sharwoods,Control,1,2.5,12.05
4EnsGzqPrAm2YkNYIH6xeX,10766,Pataks,Control,1,1.85,12.05
4EnsGzqPrAm2YkNYIH6xeX,10772,The Spice Tailor,Control,1,3.85,12.05
4EnsGzqPrAm2YkNYIH6xeX,10773,The Spice Tailor,Control,1,3.85,12.05
5XjorG7oTN2UGAErJUGqnQ,10782,Sharwoods,Experiment 2,1,2.8,5.6
5XjorG7oTN2UGAErJUGqnQ,10793,Sharwoods,Experiment 2,1,2.8,5.6
7eK5VYHBzEuDTSn9gUjPpy,10740,Sharwoods,Control,1,2.5,15.3
7eK5VYHBzEuDTSn9gUjPpy,10777,Sharwoods,Control,1,2.5,15.3
7eK5VYHBzEuDTSn9gUjPpy,10762,Pataks,Control,1,3.25,15.3
7eK5VYHBzEuDTSn9gUjPpy,10781,Sharwoods,Control,1,2.8,15.3
7eK5VYHBzEuDTSn9gUjPpy,10766,Pataks,Control,1,1.85,15.3
7eK5VYHBzEuDTSn9gUjPpy,10752,Pataks,Control,1,2.4,15.3
6CzorqBn3fEZ0x9k0vDx17,10770,Sharwoods,Experiment 1,1,2.5,4.9
6CzorqBn3fEZ0x9k0vDx17,10736,Pataks,Experiment 1,1,2.4,4.9
6Iz5GP7N7Ve9mlCOAiBiLN,10751,Sharwoods,Control,1,2.5,5.0
6Iz5GP7N7Ve9mlCOAiBiLN,10770,Sharwoods,Control,1,2.5,5.0
7syYmrvohRqoamJwJDYNuu,10754,The Spice Tailor,Experiment 1,2,7.7,15.1
7syYmrvohRqoamJwJDYNuu,10777,Sharwoods,Experiment 1,2,5.0,15.1
7syYmrvohRqoamJwJDYNuu,10736,Pataks,Experiment 1,1,2.4,15.1
7HI6ryfHSXevS0L1evSOpR,10761,Sharwoods,Experiment 2,1,2.5,6.35
7HI6ryfHSXevS0L1evSOpR,10768,The Spice Tailor,Experiment 2,1,3.85,6.35
4mSbDqukFd0wpfP4HCzehR,10744,Sharwoods,Control,1,2.5,4.9
4mSbDqukFd0wpfP4HCzehR,10743,Pataks,Control,1,2.4,4.9
21J8FwClTH9aV6lMK4p65P,10755,Pataks,Experiment 1,1,3.25,5.65
21J8FwClTH9aV6lMK4p65P,10736,Pataks,Experiment 1,1,2.4,5.65
4ULUXPYPjtJZsAsofvgtAw,10777,Sharwoods,Experiment 2,2,5.0,7.5
4ULUXPYPjtJZsAsofvgtAw,10744,Sharwoods,Experiment 2,1,2.5,7.5
0nkX5TSZNJGMNqsuzjkr4q,10786,Sharwoods,Experiment 1,1,2.0,15.35
0nkX5TSZNJGMNqsuzjkr4q,10746,Pataks,Experiment 1,1,3.25,15.35
0nkX5TSZNJGMNqsuzjkr4q,10784,Sharwoods,Experiment 1,1,2.8,15.35
0nkX5TSZNJGMNqsuzjkr4q,10761,Sharwoods,Experiment 1,1,2.5,15.35
0nkX5TSZNJGMNqsuzjkr4q,10789,Sharwoods,Experiment 1,1,2.0,15.35
0nkX5TSZNJGMNqsuzjkr4q,10783,Sharwoods,Experiment 1,1,2.8,15.35
2DNILWSOlIZH9tx7AB5TsB,10740,Sharwoods,Control,2,5.0,5.0
6C4kbQdlhDK1FrsZiXTEmC,10745,Sharwoods,Experiment 2,1,2.5,2.5
6DdUzXXxCSDXY7jwnwVBck,10757,Pataks,Experiment 2,1,2.4,8.65
6DdUzXXxCSDXY7jwnwVBck,10764,Pataks,Experiment 2,1,3.0,8.65
6DdUzXXxCSDXY7jwnwVBck,10758,Pataks,Experiment 2,1,3.25,8.65
4sLOVbSu7LGsdwlpseDI3d,10777,Sharwoods,Experiment 2,1,2.5,5.0
4sLOVbSu7LGsdwlpseDI3d,10744,Sharwoods,Experiment 2,1,2.5,5.0
6el5hjkVZlAtcTU3v9NEzK,10778,Pataks,Experiment 1,1,1.85,5.1
6el5hjkVZlAtcTU3v9NEzK,10758,Pataks,Experiment 1,1,3.25,5.1
7KN0qXSl0GZJanj73PD1Y4,10780,Loyd Grossman,Experiment 1,1,3.0,8.75
7KN0qXSl0GZJanj73PD1Y4,10759,Sharwoods,Experiment 1,1,2.5,8.75
7KN0qXSl0GZJanj73PD1Y4,10746,Pataks,Experiment 1,1,3.25,8.75
5qhRpXGoGz4rURtsWG2jQQ,10759,Sharwoods,Control,1,2.5,7.3
5qhRpXGoGz4rURtsWG2jQQ,10742,Pataks,Control,1,2.4,7.3
5qhRpXGoGz4rURtsWG2jQQ,10752,Pataks,Control,1,2.4,7.3
1gFHmMM3HgwaJ6gU7dPTZa,10759,Sharwoods,Experiment 2,1,2.5,4.9
1gFHmMM3HgwaJ6gU7dPTZa,10756,Pataks,Experiment 2,1,2.4,4.9
27qVhJJg6EXwTWLLRczXWG,10742,Pataks,Experiment 2,1,2.4,4.8
27qVhJJg6EXwTWLLRczXWG,10750,Pataks,Experiment 2,1,2.4,4.8
7kPtYn3g7fvLIiLafTZyLd,10765,Bens Original,Experiment 2,1,2.6,5.1
7kPtYn3g7fvLIiLafTZyLd,10745,Sharwoods,Experiment 2,1,2.5,5.1
7bywkgj6J4PrVQjqhaUU4L,10752,Pataks,Experiment 1,1,2.4,2.4
16mnSamnSbzSNQXFFtrm33,10766,Pataks,Experiment 1,1,1.85,1.85
4zbDerLYObEyIO9wGFFb3m,10762,Pataks,Experiment 1,2,6.5,11.9
4zbDerLYObEyIO9wGFFb3m,10753,Loyd Grossman,Experiment 1,1,3.0,11.9
4zbDerLYObEyIO9wGFFb3m,10750,Pataks,Experiment 1,1,2.4,11.9
0v7nN9eY8tvh35cuZAe9ch,10755,Pataks,Experiment 2,1,3.25,10.5
0v7nN9eY8tvh35cuZAe9ch,10764,Pataks,Experiment 2,1,3.0,10.5
0v7nN9eY8tvh35cuZAe9ch,10743,Pataks,Experiment 2,1,2.4,10.5
0v7nN9eY8tvh35cuZAe9ch,10766,Pataks,Experiment 2,1,1.85,10.5
4eu1WWvqacBDxGUc48vlXC,10765,Bens Original,Control,1,2.6,6.85
4eu1WWvqacBDxGUc48vlXC,10778,Pataks,Control,1,1.85,6.85
4eu1WWvqacBDxGUc48vlXC,10750,Pataks,Control,1,2.4,6.85
1bj5n7ai5RFju9WTWX9SfG,10774,Pataks,Experiment 2,1,3.25,3.25
7hxmdDkSwqCw0sDcqGmfId,10739,Sharwoods,Control,2,5.0,10.2
7hxmdDkSwqCw0sDcqGmfId,10742,Pataks,Control,1,2.4,10.2
7hxmdDkSwqCw0sDcqGmfId,10782,Sharwoods,Control,1,2.8,10.2
2f87wF7TvBhb9Vz4qfHnxH,10764,Pataks,Control,2,6.0,7.85
2f87wF7TvBhb9Vz4qfHnxH,10778,Pataks,Control,1,1.85,7.85
1ZODcGeoS9NssB7uiLnG6Z,10781,Sharwoods,Control,1,2.8,6.65
1ZODcGeoS9NssB7uiLnG6Z,10773,The Spice Tailor,Control,1,3.85,6.65
4oc0OPX4TlvfTA3mncvWS7,10760,Pataks,Experiment 1,1,1.85,9.25
4oc0OPX4TlvfTA3mncvWS7,10761,Sharwoods,Experiment 1,1,2.5,9.25
4oc0OPX4TlvfTA3mncvWS7,10736,Pataks,Experiment 1,1,2.4,9.25
4oc0OPX4TlvfTA3mncvWS7,10777,Sharwoods,Experiment 1,1,2.5,9.25
